grid_ID,value
1,739.0
2,341.0
3,95.0
4,107.0
5,114.0
6,754.0
7,791.0
8,907.0
9,814.0
10,968.0
11,955.0
12,818.0
13,908.0
14,765.0
15,493.0
16,497.0
17,436.0
18,428.0
19,338.0
20,374.0
21,780.0
22,897.0
23,863.0
24,945.0
25,991.0
26,948.0
27,961.0
28,484.0
29,469.0
30,537.0
31,417.0
32,379.0
33,501.0
34,549.0
35,523.0
36,421.0
37,416.0
38,448.0
39,375.0
40,288.0
41,844.0
42,697.0
43,819.0
44,685.0
45,807.0
46,441.0
47,470.0
48,500.0
49,614.0
50,555.0
51,542.0
52,513.0
53,480.0
54,438.0
55,481.0
56,401.0
57,378.0
58,283.0
59,241.0
60,728.0
61,769.0
62,743.0
63,537.0
64,444.0
65,475.0
66,648.0
67,577.0
68,510.0
69,512.0
70,482.0
71,476.0
72,439.0
73,450.0
74,436.0
75,375.0
76,367.0
77,271.0
78,234.0
79,91.0
80,671.0
81,678.0
82,824.0
83,492.0
84,561.0
85,680.0
86,583.0
87,566.0
88,560.0
89,537.0
90,544.0
91,495.0
92,470.0
93,456.0
94,495.0
95,410.0
96,355.0
97,343.0
98,245.0
99,225.0
100,72.0
101,80.0
102,91.0
103,93.0
104,103.0
105,330.0
106,449.0
107,438.0
108,542.0
109,589.0
110,583.0
111,645.0
112,570.0
113,508.0
114,524.0
115,497.0
116,454.0
117,480.0
118,525.0
119,458.0
120,436.0
121,360.0
122,304.0
123,232.0
124,71.0
125,77.0
126,75.0
127,79.0
128,80.0
129,87.0
130,81.0
131,355.0
132,496.0
133,544.0
134,425.0
135,544.0
136,656.0
137,592.0
138,641.0
139,574.0
140,573.0
141,544.0
142,541.0
143,510.0
144,483.0
145,528.0
146,442.0
147,457.0
148,363.0
149,264.0
150,217.0
151,74.0
152,71.0
153,92.0
154,93.0
155,84.0
156,80.0
157,89.0
158,86.0
159,454.0
160,570.0
161,533.0
162,470.0
163,497.0
164,621.0
165,610.0
166,599.0
167,603.0
168,566.0
169,570.0
170,510.0
171,516.0
172,473.0
173,534.0
174,499.0
175,487.0
176,349.0
177,259.0
178,82.0
179,85.0
180,78.0
181,87.0
182,88.0
183,91.0
184,84.0
185,83.0
186,87.0
187,92.0
188,103.0
189,470.0
190,629.0
191,629.0
192,600.0
193,701.0
194,627.0
195,721.0
196,703.0
197,532.0
198,514.0
199,539.0
200,552.0
201,489.0
202,500.0
203,403.0
204,430.0
205,414.0
206,267.0
207,124.0
208,104.0
209,110.0
210,120.0
211,84.0
212,81.0
213,85.0
214,94.0
215,76.0
216,82.0
217,81.0
218,84.0
219,88.0
220,81.0
221,96.0
222,102.0
223,97.0
224,92.0
225,501.0
226,605.0
227,604.0
228,641.0
229,656.0
230,572.0
231,751.0
232,769.0
233,557.0
234,531.0
235,531.0
236,500.0
237,492.0
238,433.0
239,363.0
240,438.0
241,280.0
242,103.0
243,119.0
244,122.0
245,108.0
246,141.0
247,107.0
248,89.0
249,87.0
250,79.0
251,86.0
252,74.0
253,89.0
254,87.0
255,86.0
256,88.0
257,101.0
258,103.0
259,97.0
260,129.0
261,125.0
263,531.0
264,479.0
265,669.0
266,707.0
267,804.0
268,816.0
269,756.0
270,581.0
271,501.0
272,525.0
273,412.0
274,458.0
275,477.0
276,393.0
277,393.0
278,126.0
279,111.0
280,112.0
281,112.0
282,117.0
283,144.0
284,119.0
285,91.0
286,78.0
287,79.0
288,81.0
289,83.0
290,82.0
291,89.0
292,89.0
293,102.0
294,116.0
295,115.0
296,128.0
297,126.0
298,134.0
299,98.0
300,443.0
301,600.0
302,638.0
303,726.0
304,678.0
305,590.0
306,710.0
307,522.0
308,500.0
309,401.0
310,440.0
311,445.0
312,382.0
313,316.0
314,136.0
315,144.0
316,137.0
317,133.0
318,124.0
319,130.0
320,127.0
321,116.0
322,128.0
323,122.0
324,93.0
325,84.0
326,85.0
327,81.0
328,85.0
329,84.0
330,84.0
331,89.0
332,101.0
333,107.0
334,115.0
335,134.0
336,97.0
337,128.0
338,135.0
339,105.0
340,106.0
341,447.0
342,480.0
343,571.0
344,682.0
345,551.0
346,654.0
347,624.0
348,495.0
349,519.0
350,440.0
351,459.0
352,423.0
353,385.0
354,288.0
355,162.0
356,149.0
357,150.0
358,149.0
359,135.0
360,122.0
361,126.0
362,154.0
363,144.0
364,134.0
365,123.0
366,120.0
367,102.0
368,80.0
369,80.0
370,81.0
371,82.0
372,86.0
373,85.0
374,85.0
375,96.0
376,107.0
377,115.0
378,135.0
379,136.0
380,119.0
381,132.0
382,138.0
383,109.0
384,109.0
385,117.0
386,438.0
387,381.0
388,355.0
389,345.0
390,605.0
391,601.0
392,522.0
393,592.0
394,510.0
395,527.0
396,536.0
397,491.0
398,449.0
399,433.0
400,430.0
401,296.0
402,229.0
404,194.0
405,179.0
406,160.0
407,148.0
408,155.0
409,150.0
410,136.0
411,126.0
412,137.0
413,146.0
414,152.0
415,143.0
416,122.0
417,116.0
418,76.0
419,81.0
420,89.0
421,86.0
422,83.0
423,95.0
424,97.0
425,96.0
426,97.0
427,118.0
428,126.0
429,127.0
430,141.0
431,118.0
432,123.0
433,126.0
434,126.0
435,128.0
436,486.0
437,396.0
438,391.0
439,588.0
440,639.0
441,667.0
442,548.0
443,485.0
444,567.0
445,493.0
446,513.0
447,450.0
448,492.0
449,378.0
450,306.0
451,274.0
452,237.0
453,200.0
454,225.0
455,217.0
456,185.0
457,187.0
458,155.0
459,157.0
460,149.0
461,146.0
462,141.0
463,123.0
464,147.0
465,144.0
466,111.0
467,117.0
468,92.0
469,97.0
470,93.0
471,78.0
472,89.0
473,90.0
474,93.0
475,97.0
476,97.0
477,112.0
478,100.0
479,123.0
480,128.0
481,129.0
482,126.0
483,129.0
484,112.0
485,131.0
486,144.0
487,131.0
488,410.0
489,376.0
490,240.0
491,388.0
492,577.0
493,684.0
494,644.0
495,603.0
496,504.0
497,579.0
498,593.0
499,528.0
500,513.0
501,504.0
502,377.0
503,345.0
504,321.0
505,304.0
506,249.0
507,236.0
508,183.0
509,185.0
510,173.0
511,155.0
512,154.0
513,164.0
514,154.0
515,131.0
516,125.0
517,144.0
518,139.0
519,120.0
520,125.0
521,127.0
522,146.0
523,97.0
524,103.0
525,102.0
526,104.0
527,85.0
528,95.0
529,100.0
530,97.0
531,112.0
532,112.0
533,112.0
534,114.0
535,121.0
536,126.0
537,129.0
538,132.0
539,130.0
540,130.0
541,150.0
542,147.0
543,296.0
544,441.0
545,453.0
546,246.0
547,405.0
548,529.0
549,486.0
550,542.0
551,671.0
552,553.0
553,543.0
554,513.0
555,527.0
556,515.0
557,427.0
558,361.0
559,344.0
560,317.0
561,327.0
562,236.0
563,214.0
564,206.0
565,190.0
566,159.0
567,156.0
568,143.0
569,157.0
570,153.0
571,141.0
572,139.0
573,144.0
574,129.0
575,138.0
576,116.0
577,125.0
578,128.0
579,116.0
580,94.0
581,90.0
582,89.0
583,96.0
584,94.0
585,99.0
586,111.0
587,111.0
588,112.0
589,112.0
590,114.0
591,115.0
592,119.0
593,122.0
594,131.0
595,133.0
596,146.0
597,146.0
598,145.0
599,264.0
600,377.0
601,617.0
602,441.0
603,376.0
604,467.0
605,425.0
606,613.0
607,532.0
608,581.0
609,549.0
610,557.0
611,548.0
612,532.0
613,419.0
614,359.0
615,349.0
616,316.0
617,309.0
618,275.0
619,212.0
621,183.0
622,167.0
623,166.0
624,153.0
625,149.0
626,153.0
627,123.0
628,125.0
629,142.0
630,115.0
631,121.0
632,123.0
633,94.0
634,120.0
635,135.0
636,115.0
637,110.0
638,113.0
639,114.0
640,113.0
641,115.0
642,120.0
643,125.0
644,133.0
645,130.0
646,145.0
647,153.0
648,331.0
649,511.0
650,490.0
651,468.0
652,457.0
653,469.0
654,525.0
655,506.0
656,551.0
657,537.0
658,567.0
659,522.0
660,570.0
661,407.0
662,369.0
663,343.0
664,331.0
665,293.0
666,241.0
667,195.0
668,200.0
669,188.0
670,165.0
671,173.0
672,154.0
673,137.0
674,163.0
675,167.0
676,127.0
677,134.0
678,139.0
679,152.0
680,130.0
681,134.0
682,140.0
683,134.0
684,98.0
685,114.0
686,116.0
687,117.0
688,116.0
689,117.0
690,121.0
691,129.0
692,129.0
693,120.0
694,171.0
695,376.0
696,436.0
697,447.0
698,429.0
699,581.0
700,544.0
701,561.0
702,485.0
703,537.0
704,523.0
705,528.0
706,460.0
707,580.0
708,425.0
709,382.0
710,358.0
711,331.0
712,266.0
713,247.0
714,197.0
715,207.0
716,185.0
717,162.0
718,155.0
719,141.0
720,142.0
721,147.0
722,164.0
723,185.0
724,189.0
725,150.0
726,131.0
727,140.0
728,140.0
729,150.0
730,157.0
731,147.0
732,120.0
733,115.0
734,116.0
735,118.0
736,120.0
737,125.0
738,131.0
739,133.0
740,124.0
741,154.0
742,627.0
743,552.0
744,565.0
745,550.0
746,531.0
747,533.0
748,564.0
749,560.0
750,498.0
751,563.0
752,418.0
753,353.0
754,361.0
755,331.0
756,306.0
757,297.0
758,215.0
759,200.0
760,188.0
761,144.0
762,144.0
763,137.0
764,148.0
765,160.0
766,162.0
767,204.0
768,190.0
769,151.0
770,160.0
771,151.0
772,176.0
773,158.0
774,156.0
775,137.0
776,117.0
777,118.0
778,118.0
779,121.0
780,130.0
781,136.0
782,158.0
783,158.0
784,601.0
785,555.0
786,576.0
787,534.0
788,506.0
789,521.0
790,560.0
791,466.0
792,498.0
793,474.0
794,406.0
795,378.0
796,347.0
797,333.0
798,347.0
799,318.0
800,199.0
801,207.0
802,161.0
803,157.0
804,176.0
805,133.0
806,140.0
807,150.0
808,170.0
809,163.0
810,131.0
811,136.0
812,157.0
813,171.0
814,185.0
815,188.0
816,155.0
817,166.0
818,168.0
819,149.0
820,121.0
821,118.0
822,119.0
823,122.0
824,129.0
825,146.0
826,164.0
827,171.0
828,544.0
829,625.0
830,554.0
831,561.0
832,512.0
833,498.0
834,552.0
835,548.0
836,506.0
837,549.0
838,468.0
839,387.0
840,374.0
841,344.0
842,350.0
843,361.0
844,338.0
845,194.0
846,170.0
847,178.0
848,177.0
849,144.0
850,141.0
851,159.0
852,166.0
853,135.0
854,143.0
855,165.0
856,185.0
857,235.0
858,200.0
859,169.0
860,168.0
861,172.0
862,139.0
863,118.0
864,119.0
865,109.0
866,123.0
867,150.0
868,147.0
869,165.0
870,628.0
871,614.0
872,538.0
873,530.0
874,527.0
875,524.0
876,496.0
877,585.0
878,519.0
879,456.0
880,410.0
881,392.0
882,377.0
883,380.0
884,330.0
885,273.0
886,255.0
887,193.0
888,210.0
889,167.0
890,136.0
891,141.0
892,136.0
893,151.0
894,149.0
895,125.0
896,144.0
897,168.0
898,180.0
899,180.0
900,186.0
901,182.0
902,182.0
903,189.0
904,163.0
905,182.0
906,104.0
907,119.0
908,108.0
909,122.0
910,125.0
911,143.0
912,131.0
913,636.0
914,582.0
915,577.0
916,528.0
917,570.0
918,546.0
919,568.0
920,520.0
921,526.0
922,483.0
923,416.0
924,406.0
925,348.0
926,351.0
927,370.0
928,311.0
929,306.0
930,289.0
931,269.0
932,249.0
933,139.0
934,142.0
935,129.0
936,141.0
937,164.0
938,129.0
939,135.0
940,169.0
941,168.0
942,179.0
943,203.0
944,173.0
945,157.0
946,197.0
947,227.0
948,171.0
949,262.0
950,207.0
951,126.0
952,123.0
953,124.0
954,123.0
955,157.0
956,164.0
957,624.0
958,646.0
959,733.0
960,514.0
961,633.0
962,580.0
963,550.0
964,542.0
965,609.0
966,504.0
967,426.0
968,444.0
969,398.0
970,381.0
971,362.0
972,357.0
973,333.0
974,319.0
975,288.0
976,267.0
977,219.0
978,182.0
979,139.0
980,131.0
981,138.0
982,146.0
983,142.0
984,167.0
985,157.0
986,180.0
987,206.0
988,203.0
989,147.0
990,231.0
991,199.0
992,135.0
993,265.0
994,249.0
995,178.0
996,116.0
997,125.0
998,126.0
999,144.0
1000,164.0
1001,171.0
1002,645.0
1003,675.0
1004,611.0
1005,563.0
1006,570.0
1007,667.0
1008,640.0
1009,692.0
1010,797.0
1011,552.0
1012,518.0
1013,456.0
1014,415.0
1015,405.0
1016,406.0
1017,391.0
1018,355.0
1019,362.0
1020,351.0
1021,314.0
1022,281.0
1023,227.0
1024,173.0
1025,164.0
1026,170.0
1027,168.0
1028,172.0
1029,134.0
1030,173.0
1031,173.0
1032,167.0
1033,238.0
1034,215.0
1035,247.0
1036,221.0
1037,207.0
1038,197.0
1039,260.0
1040,180.0
1041,146.0
1042,126.0
1043,135.0
1044,126.0
1045,146.0
1046,167.0
1047,665.0
1048,622.0
1049,525.0
1050,527.0
1051,594.0
1052,681.0
1053,629.0
1054,653.0
1055,515.0
1056,533.0
1057,502.0
1058,471.0
1059,448.0
1060,418.0
1061,400.0
1062,384.0
1063,388.0
1064,387.0
1065,353.0
1066,298.0
1067,273.0
1068,246.0
1069,204.0
1070,217.0
1071,226.0
1072,166.0
1073,168.0
1074,148.0
1075,164.0
1076,179.0
1077,287.0
1078,217.0
1079,229.0
1080,195.0
1081,251.0
1082,231.0
1083,161.0
1084,188.0
1085,167.0
1086,152.0
1087,139.0
1088,140.0
1089,140.0
1090,180.0
1091,172.0
1092,709.0
1093,620.0
1094,670.0
1095,593.0
1096,561.0
1097,586.0
1098,777.0
1099,573.0
1100,533.0
1101,520.0
1102,520.0
1103,562.0
1104,469.0
1105,461.0
1106,426.0
1107,351.0
1108,386.0
1109,417.0
1110,396.0
1111,355.0
1112,308.0
1113,276.0
1114,228.0
1115,233.0
1116,185.0
1117,187.0
1118,167.0
1119,173.0
1120,174.0
1121,169.0
1122,174.0
1123,266.0
1124,211.0
1125,221.0
1126,249.0
1127,236.0
1128,172.0
1129,215.0
1130,215.0
1131,167.0
1132,143.0
1133,132.0
1134,154.0
1135,177.0
1136,159.0
1137,785.0
1138,676.0
1139,766.0
1140,699.0
1141,580.0
1142,622.0
1143,690.0
1144,667.0
1145,549.0
1146,534.0
1147,516.0
1148,545.0
1149,536.0
1150,398.0
1151,470.0
1152,478.0
1153,418.0
1154,419.0
1155,433.0
1156,368.0
1157,346.0
1158,319.0
1159,264.0
1160,251.0
1161,210.0
1162,185.0
1163,200.0
1164,184.0
1165,177.0
1166,199.0
1167,195.0
1168,330.0
1169,285.0
1170,252.0
1171,303.0
1172,240.0
1173,174.0
1174,224.0
1175,174.0
1176,162.0
1177,146.0
1178,153.0
1179,164.0
1180,214.0
1181,695.0
1182,734.0
1183,796.0
1184,657.0
1185,645.0
1186,691.0
1187,722.0
1188,597.0
1189,549.0
1190,560.0
1191,548.0
1192,524.0
1193,565.0
1194,568.0
1195,505.0
1196,514.0
1197,492.0
1198,442.0
1199,429.0
1200,371.0
1201,354.0
1202,309.0
1203,269.0
1204,258.0
1205,265.0
1206,255.0
1207,214.0
1208,212.0
1209,218.0
1210,183.0
1211,349.0
1212,316.0
1213,251.0
1214,249.0
1215,186.0
1216,176.0
1217,185.0
1218,215.0
1219,170.0
1220,218.0
1221,223.0
1222,182.0
1223,748.0
1224,698.0
1225,763.0
1226,710.0
1227,617.0
1228,680.0
1229,722.0
1230,576.0
1231,600.0
1232,590.0
1233,603.0
1234,546.0
1235,570.0
1236,562.0
1237,569.0
1238,523.0
1239,474.0
1240,495.0
1241,459.0
1242,449.0
1243,406.0
1244,345.0
1245,321.0
1246,281.0
1247,276.0
1248,286.0
1249,275.0
1250,238.0
1251,273.0
1252,210.0
1253,278.0
1254,346.0
1255,357.0
1256,303.0
1257,206.0
1258,205.0
1259,201.0
1260,265.0
1261,217.0
1262,221.0
1263,250.0
1264,244.0
1265,149.0
1266,725.0
1267,776.0
1268,747.0
1269,747.0
1270,705.0
1271,662.0
1272,760.0
1273,659.0
1274,614.0
1275,600.0
1276,803.0
1277,695.0
1278,588.0
1279,556.0
1280,576.0
1281,517.0
1282,499.0
1283,499.0
1284,489.0
1285,477.0
1286,433.0
1287,401.0
1288,361.0
1289,344.0
1290,338.0
1291,339.0
1292,321.0
1293,280.0
1294,237.0
1295,299.0
1296,213.0
1297,186.0
1298,233.0
1299,249.0
1300,331.0
1301,281.0
1302,251.0
1303,207.0
1304,199.0
1305,215.0
1306,245.0
1308,246.0
1309,611.0
1310,816.0
1311,720.0
1312,764.0
1313,737.0
1314,637.0
1315,766.0
1316,772.0
1317,652.0
1318,659.0
1319,653.0
1320,619.0
1321,576.0
1322,572.0
1323,621.0
1324,517.0
1325,446.0
1326,501.0
1327,503.0
1328,499.0
1329,495.0
1330,451.0
1331,411.0
1332,396.0
1333,350.0
1334,344.0
1335,345.0
1336,303.0
1337,317.0
1338,338.0
1339,301.0
1340,300.0
1341,282.0
1342,197.0
1343,236.0
1344,260.0
1345,265.0
1346,209.0
1347,264.0
1348,229.0
1349,213.0
1350,688.0
1351,940.0
1352,713.0
1353,800.0
1354,720.0
1355,731.0
1356,813.0
1357,795.0
1358,707.0
1359,671.0
1360,649.0
1361,596.0
1362,599.0
1363,608.0
1364,679.0
1365,616.0
1366,539.0
1367,494.0
1368,478.0
1369,483.0
1370,504.0
1371,492.0
1372,449.0
1373,409.0
1374,398.0
1375,424.0
1376,390.0
1377,334.0
1378,282.0
1379,305.0
1380,252.0
1381,270.0
1382,263.0
1383,255.0
1384,237.0
1385,234.0
1386,861.0
1387,852.0
1388,738.0
1389,885.0
1390,765.0
1391,788.0
1392,880.0
1393,875.0
1394,729.0
1395,711.0
1396,597.0
1397,593.0
1398,604.0
1399,644.0
1400,604.0
1401,609.0
1402,537.0
1403,532.0
1404,470.0
1405,494.0
1406,477.0
1407,450.0
1408,454.0
1409,451.0
1410,458.0
1411,430.0
1412,252.0
1413,324.0
1414,272.0
1415,304.0
1416,269.0
1417,227.0
1418,749.0
1419,876.0
1420,891.0
1421,725.0
1422,1108.0
1423,906.0
1424,777.0
1425,817.0
1426,855.0
1427,680.0
1428,713.0
1429,679.0
1430,633.0
1431,654.0
1432,650.0
1433,587.0
1434,551.0
1435,547.0
1436,547.0
1437,538.0
1438,494.0
1439,452.0
1440,440.0
1441,450.0
1442,491.0
1443,436.0
1444,363.0
1445,290.0
1446,281.0
1447,259.0
1448,302.0
1449,333.0
1450,960.0
1451,979.0
1452,793.0
1453,816.0
1454,993.0
1455,885.0
1456,837.0
1457,790.0
1458,854.0
1459,809.0
1460,726.0
1461,651.0
1462,675.0
1463,655.0
1464,637.0
1465,600.0
1466,559.0
1467,538.0
1468,553.0
1469,551.0
1470,478.0
1471,448.0
1472,451.0
1473,481.0
1474,490.0
1475,446.0
1476,342.0
1477,241.0
1478,281.0
1479,310.0
1480,312.0
1481,297.0
1482,224.0
1483,1014.0
1484,1036.0
1485,822.0
1486,1073.0
1487,987.0
1488,939.0
1489,765.0
1490,725.0
1491,726.0
1492,689.0
1493,737.0
1494,647.0
1495,616.0
1496,634.0
1497,603.0
1498,549.0
1499,576.0
1500,572.0
1501,597.0
1502,560.0
1503,532.0
1504,513.0
1505,517.0
1506,546.0
1507,437.0
1508,503.0
1509,329.0
1510,331.0
1511,405.0
1512,413.0
1513,326.0
1514,351.0
1515,328.0
1516,994.0
1517,1209.0
1518,1334.0
1519,989.0
1520,936.0
1521,1090.0
1522,842.0
1523,799.0
1524,892.0
1525,704.0
1526,714.0
1527,740.0
1528,680.0
1529,704.0
1530,618.0
1531,613.0
1532,534.0
1533,516.0
1534,607.0
1535,568.0
1536,557.0
1537,594.0
1538,536.0
1539,543.0
1540,526.0
1541,474.0
1542,424.0
1543,377.0
1544,411.0
1545,438.0
1546,463.0
1547,422.0
1548,522.0
1549,411.0
1550,447.0
1551,874.0
1552,1050.0
1553,1312.0
1554,986.0
1555,1037.0
1556,1181.0
1557,1067.0
1558,841.0
1559,796.0
1560,841.0
1561,669.0
1562,721.0
1563,718.0
1564,686.0
1565,661.0
1566,628.0
1567,653.0
1568,545.0
1569,564.0
1570,564.0
1571,573.0
1572,565.0
1573,604.0
1574,552.0
1575,548.0
1576,520.0
1577,534.0
1578,462.0
1579,403.0
1580,396.0
1581,397.0
1582,524.0
1583,481.0
1584,506.0
1585,533.0
1586,522.0
1587,498.0
1588,1053.0
1589,1093.0
1590,1461.0
1591,1193.0
1592,1063.0
1593,1137.0
1594,1118.0
1595,889.0
1596,995.0
1597,946.0
1598,636.0
1599,646.0
1600,670.0
1601,685.0
1602,675.0
1603,680.0
1604,655.0
1605,642.0
1606,619.0
1607,570.0
1608,586.0
1609,663.0
1610,660.0
1611,631.0
1612,626.0
1613,602.0
1614,556.0
1615,477.0
1616,435.0
1617,428.0
1618,454.0
1619,460.0
1620,512.0
1621,486.0
1622,499.0
1623,497.0
1624,556.0
1625,476.0
1626,1082.0
1627,1171.0
1628,1181.0
1629,1321.0
1630,1025.0
1631,884.0
1632,1037.0
1633,1107.0
1634,1022.0
1635,882.0
1636,652.0
1637,641.0
1638,665.0
1639,639.0
1640,654.0
1641,675.0
1642,708.0
1643,703.0
1644,683.0
1645,691.0
1646,660.0
1647,693.0
1648,699.0
1649,672.0
1650,690.0
1651,654.0
1652,607.0
1653,611.0
1654,545.0
1655,521.0
1656,484.0
1657,442.0
1658,434.0
1659,472.0
1660,538.0
1661,535.0
1662,490.0
1663,506.0
1664,499.0
1665,596.0
1666,491.0
1667,471.0
1668,468.0
1669,1121.0
1670,1354.0
1671,1527.0
1672,1307.0
1673,672.0
1674,602.0
1675,850.0
1676,1237.0
1677,1245.0
1678,1020.0
1679,865.0
1680,718.0
1681,732.0
1682,621.0
1683,613.0
1684,702.0
1685,762.0
1686,706.0
1687,711.0
1688,865.0
1689,756.0
1690,719.0
1691,704.0
1692,695.0
1693,702.0
1694,683.0
1695,642.0
1696,592.0
1697,599.0
1698,560.0
1699,496.0
1700,456.0
1701,480.0
1702,512.0
1703,563.0
1704,579.0
1705,476.0
1706,518.0
1707,526.0
1708,608.0
1709,574.0
1710,566.0
1711,565.0
1712,512.0
1713,1503.0
1714,1188.0
1715,1254.0
1716,1284.0
1717,974.0
1718,717.0
1719,580.0
1720,536.0
1721,1131.0
1722,1116.0
1723,1100.0
1724,1170.0
1725,756.0
1726,679.0
1727,629.0
1728,615.0
1729,609.0
1730,755.0
1731,697.0
1732,678.0
1733,721.0
1734,874.0
1735,712.0
1736,730.0
1737,750.0
1738,723.0
1739,689.0
1740,711.0
1741,692.0
1742,646.0
1743,615.0
1744,586.0
1745,465.0
1746,487.0
1747,453.0
1748,484.0
1749,518.0
1750,612.0
1751,584.0
1752,523.0
1753,462.0
1754,583.0
1755,676.0
1756,631.0
1757,695.0
1758,654.0
1759,619.0
1760,1141.0
1761,1132.0
1762,1293.0
1763,1254.0
1764,830.0
1765,816.0
1766,851.0
1767,1068.0
1768,854.0
1769,1144.0
1770,1145.0
1771,1134.0
1772,1018.0
1773,918.0
1774,771.0
1775,706.0
1776,603.0
1777,759.0
1778,771.0
1779,713.0
1780,695.0
1781,762.0
1782,852.0
1783,720.0
1784,689.0
1785,766.0
1786,743.0
1787,732.0
1788,723.0
1789,723.0
1790,690.0
1791,629.0
1792,606.0
1793,562.0
1794,388.0
1795,473.0
1796,445.0
1797,418.0
1798,447.0
1799,477.0
1800,574.0
1801,514.0
1802,445.0
1803,442.0
1804,567.0
1805,764.0
1806,700.0
1807,593.0
1808,640.0
1809,608.0
1810,1395.0
1811,1358.0
1812,1308.0
1813,1111.0
1814,833.0
1815,877.0
1816,1050.0
1817,1089.0
1818,1267.0
1819,1207.0
1820,1146.0
1821,1275.0
1822,974.0
1823,766.0
1824,808.0
1825,722.0
1826,571.0
1827,653.0
1828,802.0
1829,773.0
1830,715.0
1831,715.0
1832,825.0
1833,773.0
1834,670.0
1835,763.0
1836,780.0
1837,734.0
1838,745.0
1839,738.0
1840,747.0
1841,691.0
1842,611.0
1843,625.0
1844,602.0
1845,474.0
1846,449.0
1847,505.0
1848,468.0
1849,457.0
1850,458.0
1851,470.0
1852,446.0
1853,523.0
1854,517.0
1855,500.0
1856,648.0
1857,665.0
1858,702.0
1859,602.0
1860,623.0
1861,625.0
1862,546.0
1863,1299.0
1864,1595.0
1865,1461.0
1866,1173.0
1867,987.0
1868,664.0
1869,776.0
1870,979.0
1871,1204.0
1872,1222.0
1873,1261.0
1874,1331.0
1875,1151.0
1876,1142.0
1877,1040.0
1878,1016.0
1879,861.0
1880,656.0
1881,603.0
1882,767.0
1883,725.0
1884,734.0
1885,718.0
1886,949.0
1887,783.0
1888,783.0
1889,784.0
1890,717.0
1891,727.0
1892,755.0
1893,781.0
1894,734.0
1895,745.0
1896,645.0
1897,650.0
1898,618.0
1899,577.0
1900,494.0
1901,502.0
1902,517.0
1903,504.0
1904,513.0
1905,513.0
1906,503.0
1907,578.0
1908,499.0
1909,537.0
1910,615.0
1911,697.0
1912,652.0
1913,670.0
1914,671.0
1915,596.0
1916,1338.0
1917,1291.0
1918,1388.0
1919,1529.0
1920,876.0
1921,842.0
1922,868.0
1923,678.0
1924,800.0
1925,1129.0
1926,974.0
1927,1212.0
1928,1099.0
1929,1219.0
1930,1037.0
1931,1042.0
1932,980.0
1933,795.0
1934,732.0
1935,630.0
1936,756.0
1937,807.0
1938,709.0
1939,773.0
1940,823.0
1941,922.0
1942,847.0
1943,746.0
1944,739.0
1945,712.0
1946,708.0
1947,773.0
1948,693.0
1949,734.0
1950,713.0
1951,678.0
1952,655.0
1953,623.0
1954,549.0
1955,508.0
1956,531.0
1957,529.0
1958,513.0
1959,576.0
1960,592.0
1961,643.0
1962,550.0
1963,628.0
1964,716.0
1965,731.0
1966,678.0
1967,564.0
1968,651.0
1969,660.0
1970,1318.0
1971,1493.0
1972,1407.0
1973,1024.0
1974,887.0
1975,866.0
1976,808.0
1977,960.0
1978,1024.0
1979,1013.0
1980,1059.0
1981,1094.0
1982,1316.0
1983,1150.0
1984,1115.0
1985,1156.0
1986,793.0
1987,739.0
1988,820.0
1989,693.0
1990,779.0
1991,707.0
1992,861.0
1993,853.0
1994,862.0
1995,854.0
1996,800.0
1997,712.0
1998,714.0
1999,702.0
2000,720.0
2001,757.0
2002,806.0
2003,748.0
2004,741.0
2005,770.0
2006,672.0
2007,607.0
2008,527.0
2009,547.0
2010,548.0
2011,581.0
2012,623.0
2013,731.0
2014,724.0
2015,693.0
2016,670.0
2017,708.0
2018,748.0
2019,672.0
2020,560.0
2021,826.0
2022,976.0
2023,1279.0
2024,1561.0
2025,1143.0
2026,736.0
2027,716.0
2028,855.0
2029,887.0
2030,849.0
2031,1140.0
2032,1015.0
2033,1033.0
2034,974.0
2035,1168.0
2036,1258.0
2037,813.0
2038,850.0
2039,710.0
2040,819.0
2041,804.0
2042,719.0
2043,759.0
2044,779.0
2045,797.0
2046,907.0
2047,907.0
2048,987.0
2049,702.0
2050,737.0
2051,710.0
2052,720.0
2053,689.0
2054,771.0
2055,779.0
2056,764.0
2057,785.0
2058,806.0
2059,667.0
2060,579.0
2061,564.0
2062,573.0
2063,602.0
2064,633.0
2065,698.0
2066,707.0
2067,753.0
2068,696.0
2069,719.0
2070,686.0
2071,610.0
2072,544.0
2073,1197.0
2074,905.0
2075,1370.0
2076,850.0
2077,734.0
2078,871.0
2079,829.0
2080,1020.0
2081,978.0
2082,867.0
2083,711.0
2084,812.0
2085,1200.0
2086,934.0
2087,1069.0
2088,1157.0
2089,890.0
2090,752.0
2091,838.0
2092,750.0
2093,706.0
2094,800.0
2095,780.0
2096,880.0
2097,870.0
2098,925.0
2099,778.0
2100,738.0
2101,735.0
2102,785.0
2103,705.0
2104,711.0
2105,774.0
2106,784.0
2107,795.0
2108,766.0
2109,729.0
2110,667.0
2111,673.0
2112,597.0
2113,569.0
2114,546.0
2115,641.0
2116,687.0
2117,822.0
2118,741.0
2119,764.0
2120,653.0
2121,1173.0
2122,1026.0
2123,1477.0
2124,1040.0
2125,630.0
2126,857.0
2127,859.0
2128,972.0
2129,976.0
2130,1039.0
2131,997.0
2132,908.0
2133,970.0
2134,1033.0
2135,1050.0
2136,977.0
2137,1188.0
2138,791.0
2139,921.0
2140,885.0
2141,753.0
2142,684.0
2143,774.0
2144,808.0
2145,828.0
2146,912.0
2147,890.0
2148,904.0
2149,799.0
2150,770.0
2151,777.0
2152,684.0
2153,734.0
2154,762.0
2155,734.0
2156,738.0
2157,765.0
2158,797.0
2159,742.0
2160,612.0
2161,623.0
2162,602.0
2163,643.0
2164,729.0
2165,755.0
2166,756.0
2167,673.0
2168,815.0
2169,748.0
2170,676.0
2171,1426.0
2172,1095.0
2173,1016.0
2174,1296.0
2175,897.0
2176,884.0
2177,877.0
2178,966.0
2179,1023.0
2180,727.0
2181,611.0
2182,1029.0
2183,1002.0
2184,1080.0
2185,1206.0
2186,865.0
2187,1097.0
2188,779.0
2189,922.0
2190,861.0
2191,876.0
2192,745.0
2193,698.0
2194,792.0
2195,730.0
2196,781.0
2197,912.0
2198,975.0
2199,895.0
2200,842.0
2201,790.0
2202,790.0
2203,782.0
2204,716.0
2205,773.0
2206,776.0
2207,793.0
2208,751.0
2209,744.0
2210,672.0
2211,657.0
2212,653.0
2213,656.0
2214,726.0
2215,746.0
2216,753.0
2217,696.0
2218,794.0
2219,861.0
2220,708.0
2221,996.0
2222,1040.0
2223,1435.0
2224,1206.0
2225,714.0
2226,884.0
2227,931.0
2228,981.0
2229,936.0
2230,781.0
2231,928.0
2232,1035.0
2233,731.0
2234,1002.0
2235,866.0
2236,893.0
2237,712.0
2238,788.0
2239,1091.0
2240,787.0
2241,769.0
2242,713.0
2243,733.0
2244,807.0
2245,789.0
2246,916.0
2247,916.0
2248,975.0
2249,1009.0
2250,873.0
2251,1043.0
2252,697.0
2253,690.0
2254,692.0
2255,750.0
2256,812.0
2257,807.0
2258,761.0
2259,719.0
2260,745.0
2261,741.0
2262,699.0
2263,858.0
2264,1014.0
2265,831.0
2266,784.0
2267,783.0
2268,743.0
2269,771.0
2270,799.0
2271,942.0
2272,772.0
2273,1520.0
2274,930.0
2275,694.0
2276,840.0
2277,1010.0
2278,933.0
2279,746.0
2280,1050.0
2281,1166.0
2282,1084.0
2283,795.0
2284,612.0
2285,900.0
2286,1022.0
2287,623.0
2288,924.0
2289,1040.0
2290,721.0
2291,676.0
2292,802.0
2293,843.0
2294,871.0
2295,898.0
2296,899.0
2297,961.0
2298,1051.0
2299,924.0
2300,530.0
2301,478.0
2302,325.0
2303,634.0
2304,633.0
2305,750.0
2306,828.0
2307,847.0
2308,812.0
2309,795.0
2310,735.0
2311,691.0
2312,712.0
2313,903.0
2314,1068.0
2315,961.0
2316,691.0
2317,810.0
2318,834.0
2319,848.0
2320,1255.0
2321,1232.0
2322,1501.0
2323,1136.0
2324,866.0
2325,819.0
2326,891.0
2327,994.0
2328,857.0
2329,1019.0
2330,1209.0
2331,1167.0
2332,1226.0
2333,821.0
2334,952.0
2335,979.0
2336,1001.0
2337,746.0
2338,785.0
2339,781.0
2340,832.0
2341,800.0
2342,845.0
2343,890.0
2344,869.0
2345,938.0
2346,928.0
2347,944.0
2348,1005.0
2349,832.0
2350,838.0
2351,725.0
2352,338.0
2353,538.0
2354,680.0
2355,755.0
2356,831.0
2357,787.0
2358,851.0
2359,878.0
2360,723.0
2361,717.0
2362,775.0
2363,851.0
2364,963.0
2365,868.0
2366,879.0
2367,750.0
2368,840.0
2369,898.0
2370,1384.0
2371,1267.0
2372,810.0
2373,875.0
2374,961.0
2375,868.0
2376,961.0
2377,1094.0
2378,1332.0
2379,1266.0
2380,1122.0
2381,1011.0
2382,1042.0
2383,1007.0
2384,989.0
2385,1059.0
2386,804.0
2387,678.0
2388,644.0
2389,784.0
2390,939.0
2391,910.0
2392,860.0
2393,892.0
2394,912.0
2395,930.0
2396,915.0
2397,955.0
2398,885.0
2399,812.0
2400,839.0
2401,864.0
2402,695.0
2403,692.0
2404,696.0
2405,704.0
2406,744.0
2407,916.0
2408,782.0
2409,757.0
2410,757.0
2411,741.0
2412,956.0
2413,1063.0
2414,953.0
2415,939.0
2416,795.0
2417,900.0
2418,894.0
2419,1050.0
2420,1311.0
2421,693.0
2422,823.0
2423,1007.0
2424,837.0
2425,1024.0
2426,1437.0
2427,1315.0
2428,1045.0
2429,989.0
2430,1213.0
2431,1145.0
2432,980.0
2433,1289.0
2434,1007.0
2435,689.0
2436,691.0
2437,780.0
2438,891.0
2439,971.0
2440,1004.0
2441,834.0
2442,901.0
2443,903.0
2444,980.0
2445,989.0
2446,914.0
2447,908.0
2448,835.0
2449,973.0
2450,892.0
2451,868.0
2452,1042.0
2453,697.0
2454,782.0
2455,768.0
2456,828.0
2457,735.0
2458,852.0
2459,817.0
2460,1042.0
2461,1138.0
2462,1007.0
2463,884.0
2464,873.0
2465,792.0
2466,833.0
2467,1192.0
2468,1465.0
2469,787.0
2470,885.0
2471,813.0
2472,942.0
2473,1128.0
2474,1106.0
2475,1036.0
2476,1183.0
2477,1359.0
2478,1376.0
2479,1070.0
2480,1048.0
2481,1318.0
2482,854.0
2483,728.0
2484,748.0
2485,871.0
2486,885.0
2487,1132.0
2488,1153.0
2489,1071.0
2490,988.0
2491,906.0
2492,899.0
2493,917.0
2494,939.0
2495,1068.0
2496,1066.0
2497,758.0
2498,707.0
2499,905.0
2500,704.0
2501,895.0
2502,1022.0
2503,935.0
2504,779.0
2505,884.0
2506,959.0
2507,1136.0
2508,1233.0
2509,1201.0
2510,915.0
2511,990.0
2512,880.0
2513,732.0
2514,998.0
2515,1435.0
2516,846.0
2517,767.0
2518,985.0
2519,1147.0
2520,765.0
2521,1249.0
2522,834.0
2523,877.0
2524,1050.0
2525,1188.0
2526,1095.0
2527,1066.0
2528,1448.0
2529,879.0
2530,835.0
2531,763.0
2532,816.0
2533,897.0
2534,1005.0
2535,1069.0
2536,1224.0
2537,1129.0
2538,929.0
2539,893.0
2540,901.0
2541,922.0
2542,1056.0
2543,1159.0
2544,901.0
2545,884.0
2546,1101.0
2547,938.0
2548,411.0
2549,640.0
2550,842.0
2551,700.0
2552,1024.0
2553,1153.0
2554,1187.0
2555,1420.0
2556,1178.0
2557,1067.0
2558,1005.0
2559,829.0
2560,943.0
2561,1322.0
2562,1016.0
2563,701.0
2564,823.0
2565,872.0
2566,1106.0
2567,1527.0
2568,884.0
2569,842.0
2570,972.0
2571,1119.0
2572,1444.0
2573,1252.0
2574,1605.0
2575,1298.0
2576,801.0
2577,814.0
2578,820.0
2579,842.0
2580,1071.0
2581,1112.0
2582,1248.0
2583,1206.0
2584,1088.0
2585,1008.0
2586,917.0
2587,953.0
2588,918.0
2589,1049.0
2590,1060.0
2591,760.0
2592,1147.0
2593,1123.0
2594,859.0
2595,503.0
2596,791.0
2597,982.0
2598,733.0
2599,1048.0
2600,1253.0
2601,1313.0
2602,1408.0
2603,1105.0
2604,1172.0
2605,893.0
2606,1294.0
2607,1176.0
2608,601.0
2609,655.0
2610,693.0
2611,984.0
2612,1312.0
2613,990.0
2614,696.0
2615,883.0
2616,969.0
2617,864.0
2618,1299.0
2619,1242.0
2620,1551.0
2621,788.0
2622,722.0
2623,778.0
2624,799.0
2625,927.0
2626,1095.0
2627,1250.0
2628,1337.0
2629,1219.0
2630,1241.0
2631,1017.0
2632,989.0
2633,993.0
2634,1021.0
2635,1064.0
2636,653.0
2637,1008.0
2638,1051.0
2639,1107.0
2640,823.0
2641,1000.0
2642,1139.0
2643,1010.0
2644,1164.0
2645,1254.0
2646,1216.0
2647,1112.0
2648,1069.0
2649,1324.0
2650,927.0
2651,976.0
2652,1436.0
2653,345.0
2654,571.0
2655,712.0
2656,735.0
2657,1080.0
2658,1195.0
2659,1414.0
2660,838.0
2661,880.0
2662,1123.0
2663,1438.0
2664,1481.0
2665,1560.0
2666,1299.0
2667,887.0
2668,832.0
2669,842.0
2670,821.0
2671,1005.0
2672,1142.0
2673,1322.0
2674,1339.0
2675,1361.0
2676,1280.0
2677,1103.0
2678,1131.0
2679,1055.0
2680,979.0
2681,885.0
2682,839.0
2683,983.0
2684,971.0
2685,1008.0
2686,931.0
2687,1109.0
2688,867.0
2689,846.0
2690,974.0
2691,1251.0
2692,1124.0
2693,1166.0
2694,1173.0
2695,1311.0
2696,558.0
2697,882.0
2698,541.0
2699,305.0
2700,704.0
2701,852.0
2702,1088.0
2703,1344.0
2704,1290.0
2705,1486.0
2706,976.0
2707,865.0
2708,1147.0
2709,1428.0
2710,1501.0
2711,1003.0
2712,864.0
2713,899.0
2714,896.0
2715,935.0
2716,964.0
2717,1238.0
2718,1364.0
2719,1340.0
2720,1375.0
2721,1371.0
2722,1199.0
2723,1208.0
2724,1100.0
2725,1123.0
2726,1107.0
2727,1090.0
2728,1057.0
2729,1022.0
2730,1066.0
2731,997.0
2732,887.0
2733,1084.0
2734,1267.0
2735,1242.0
2736,1071.0
2737,998.0
2738,1248.0
2739,1185.0
2740,1509.0
2741,1072.0
2742,575.0
2743,772.0
2744,602.0
2745,882.0
2746,1227.0
2747,1281.0
2748,1350.0
2749,1084.0
2750,1189.0
2751,1259.0
2752,961.0
2753,884.0
2754,790.0
2755,829.0
2756,810.0
2757,840.0
2758,813.0
2759,921.0
2760,1013.0
2761,1277.0
2762,1362.0
2763,1355.0
2764,1407.0
2765,1431.0
2766,1248.0
2767,1161.0
2768,1175.0
2769,1162.0
2770,1057.0
2771,1060.0
2772,1091.0
2773,1001.0
2774,954.0
2775,969.0
2776,811.0
2777,1048.0
2778,1093.0
2779,1065.0
2780,1041.0
2781,941.0
2782,1205.0
2783,1293.0
2784,1086.0
2786,767.0
2787,706.0
2788,590.0
2789,703.0
2790,1049.0
2791,1501.0
2792,1102.0
2793,1173.0
2794,926.0
2795,1091.0
2796,998.0
2797,1367.0
2798,720.0
2799,740.0
2800,855.0
2801,804.0
2802,805.0
2803,812.0
2804,972.0
2805,1106.0
2806,1250.0
2807,1411.0
2808,1467.0
2809,1434.0
2810,1313.0
2811,1211.0
2812,1187.0
2813,1191.0
2814,1097.0
2815,1113.0
2816,1207.0
2817,1073.0
2818,1016.0
2819,997.0
2820,1091.0
2821,1168.0
2822,1099.0
2823,928.0
2824,996.0
2825,1152.0
2826,1171.0
2827,1281.0
2828,428.0
2829,475.0
2830,995.0
2831,270.0
2832,567.0
2833,784.0
2834,1334.0
2835,1264.0
2836,1368.0
2837,806.0
2838,743.0
2839,966.0
2840,1355.0
2841,851.0
2842,743.0
2843,846.0
2844,855.0
2845,888.0
2846,885.0
2847,885.0
2848,972.0
2849,1184.0
2850,1331.0
2851,1533.0
2852,1536.0
2853,1332.0
2854,1146.0
2855,1206.0
2856,1245.0
2857,1223.0
2858,1156.0
2859,1257.0
2860,1179.0
2861,1181.0
2862,1134.0
2863,1211.0
2864,1184.0
2865,1254.0
2866,1135.0
2867,1097.0
2868,1315.0
2869,1387.0
2870,1350.0
2871,997.0
2872,460.0
2873,787.0
2874,856.0
2875,491.0
2876,713.0
2877,1175.0
2878,1532.0
2879,1747.0
2880,1030.0
2881,669.0
2882,825.0
2883,742.0
2884,1164.0
2885,728.0
2886,786.0
2887,840.0
2888,904.0
2889,851.0
2890,884.0
2891,1039.0
2892,1061.0
2893,1287.0
2894,1431.0
2895,1515.0
2896,1417.0
2897,1218.0
2898,1193.0
2899,1179.0
2900,1414.0
2901,1227.0
2902,1175.0
2903,1137.0
2904,1208.0
2905,1144.0
2906,1306.0
2907,1124.0
2908,1202.0
2909,1378.0
2910,1039.0
2911,1217.0
2912,1343.0
2913,1393.0
2914,1354.0
2915,438.0
2916,1050.0
2917,738.0
2918,954.0
2919,1806.0
2920,1902.0
2921,1687.0
2922,1066.0
2923,860.0
2924,874.0
2925,847.0
2926,625.0
2927,688.0
2928,766.0
2929,820.0
2930,921.0
2931,860.0
2932,947.0
2933,1101.0
2934,1299.0
2935,1334.0
2936,1477.0
2937,1490.0
2938,1341.0
2939,1310.0
2940,1214.0
2941,1305.0
2942,1374.0
2943,1332.0
2944,1269.0
2945,1234.0
2946,1131.0
2947,1215.0
2948,1178.0
2949,1193.0
2950,1210.0
2951,1323.0
2952,1377.0
2953,1319.0
2954,1302.0
2955,1245.0
2956,729.0
2957,920.0
2958,253.0
2959,821.0
2960,1637.0
2961,2085.0
2962,1725.0
2963,1391.0
2964,1062.0
2965,842.0
2966,1104.0
2967,1308.0
2968,608.0
2969,657.0
2970,781.0
2971,855.0
2972,896.0
2973,924.0
2974,904.0
2975,1000.0
2976,1309.0
2977,1380.0
2978,1445.0
2979,1412.0
2980,1327.0
2981,1259.0
2982,1302.0
2983,1331.0
2984,1368.0
2985,1238.0
2986,1227.0
2987,1277.0
2988,1253.0
2989,1243.0
2990,1307.0
2991,1345.0
2992,1211.0
2993,1335.0
2994,1359.0
2995,1315.0
2996,1257.0
2997,365.0
2998,1019.0
2999,413.0
3000,1219.0
3001,2258.0
3002,1991.0
3003,1703.0
3004,1234.0
3005,906.0
3006,1018.0
3007,1029.0
3008,946.0
3009,750.0
3010,809.0
3011,769.0
3012,895.0
3013,917.0
3014,801.0
3015,843.0
3016,1078.0
3017,1323.0
3018,1552.0
3019,1365.0
3020,1379.0
3021,1309.0
3022,1309.0
3023,1232.0
3024,1291.0
3025,1248.0
3026,1230.0
3027,1258.0
3028,1308.0
3029,1399.0
3030,1457.0
3031,1322.0
3032,1295.0
3033,1408.0
3034,1488.0
3035,1308.0
3036,1339.0
3037,312.0
3038,512.0
3039,627.0
3041,872.0
3042,1755.0
3043,2244.0
3044,1549.0
3045,1028.0
3046,821.0
3047,835.0
3048,1135.0
3049,1192.0
3050,886.0
3051,818.0
3052,770.0
3053,836.0
3054,868.0
3055,822.0
3056,856.0
3057,985.0
3058,1272.0
3059,1319.0
3060,1283.0
3061,1346.0
3062,1312.0
3063,1276.0
3064,1231.0
3065,1302.0
3066,1249.0
3067,1277.0
3068,1367.0
3069,1401.0
3070,1453.0
3071,1409.0
3072,1460.0
3073,1277.0
3074,1425.0
3075,1439.0
3076,1257.0
3077,1343.0
3078,1241.0
3079,332.0
3080,580.0
3081,545.0
3082,1055.0
3083,2393.0
3084,2057.0
3085,1467.0
3086,734.0
3087,767.0
3088,824.0
3089,1045.0
3090,1551.0
3091,1033.0
3092,988.0
3093,883.0
3094,824.0
3095,886.0
3096,889.0
3097,922.0
3098,1156.0
3099,1233.0
3100,1353.0
3101,1366.0
3102,1313.0
3103,1372.0
3104,1380.0
3105,1409.0
3106,1258.0
3107,1264.0
3108,1308.0
3109,1368.0
3110,1448.0
3111,1714.0
3112,1556.0
3113,1390.0
3114,1512.0
3115,1236.0
3116,1183.0
3117,1335.0
3118,1378.0
3119,599.0
3120,1160.0
3121,719.0
3122,1771.0
3123,2184.0
3124,1936.0
3125,925.0
3126,669.0
3127,796.0
3128,932.0
3129,1557.0
3130,1046.0
3131,797.0
3132,1014.0
3133,964.0
3134,1041.0
3135,933.0
3136,980.0
3137,1056.0
3138,1188.0
3139,1282.0
3140,1397.0
3141,1417.0
3142,1417.0
3143,1398.0
3144,1357.0
3145,1335.0
3146,1301.0
3147,1281.0
3148,1361.0
3149,1421.0
3150,1639.0
3151,1607.0
3152,1509.0
3153,1252.0
3154,1289.0
3155,1255.0
3156,1354.0
3157,1359.0
3158,1081.0
3159,439.0
3160,939.0
3161,2375.0
3162,2426.0
3163,1368.0
3164,838.0
3165,555.0
3166,947.0
3167,1553.0
3168,1080.0
3169,889.0
3170,747.0
3171,775.0
3172,812.0
3173,946.0
3174,1054.0
3175,1114.0
3176,1366.0
3177,1442.0
3178,1428.0
3179,1369.0
3180,1434.0
3181,1580.0
3182,1406.0
3183,1355.0
3184,1360.0
3185,1338.0
3186,1377.0
3187,1450.0
3188,1435.0
3189,1499.0
3190,1322.0
3191,1209.0
3192,1263.0
3193,1259.0
3194,1333.0
3195,1454.0
3196,1787.0
3197,2205.0
3198,1563.0
3199,1154.0
3200,923.0
3201,641.0
3202,922.0
3203,1223.0
3204,1283.0
3205,675.0
3206,771.0
3207,877.0
3208,949.0
3209,1067.0
3210,1224.0
3211,1235.0
3212,1417.0
3213,1488.0
3214,1356.0
3215,1447.0
3216,1413.0
3217,1386.0
3218,1411.0
3219,1431.0
3220,1387.0
3221,1412.0
3222,1509.0
3223,1360.0
3224,1292.0
3225,1175.0
3226,1349.0
3227,1351.0
3228,1197.0
3229,1326.0
3230,1600.0
3231,848.0
3232,2560.0
3233,2179.0
3234,1221.0
3235,904.0
3236,882.0
3237,1034.0
3238,1180.0
3239,1622.0
3240,1159.0
3241,745.0
3242,716.0
3243,825.0
3244,777.0
3245,943.0
3246,1026.0
3247,1024.0
3248,1375.0
3249,1496.0
3250,1548.0
3251,1481.0
3252,1451.0
3253,1440.0
3254,1477.0
3255,1453.0
3256,1402.0
3257,1390.0
3258,1316.0
3259,1359.0
3260,1274.0
3261,1295.0
3262,1290.0
3263,1488.0
3264,1504.0
3265,1107.0
3266,2546.0
3267,2047.0
3268,1142.0
3269,858.0
3270,791.0
3271,1337.0
3272,2263.0
3273,1421.0
3274,745.0
3275,702.0
3276,712.0
3277,1541.0
3278,1581.0
3279,1576.0
3280,1768.0
3281,1773.0
3282,1560.0
3283,1344.0
3284,1373.0
3285,1233.0
3286,1245.0
3287,1281.0
3288,1229.0
3289,1395.0
3290,1431.0
3291,1250.0
3292,777.0
3293,2204.0
3294,2294.0
3295,1694.0
3296,907.0
3297,763.0
3298,919.0
3299,1029.0
3300,2567.0
3301,1275.0
3302,790.0
3303,674.0
3304,886.0
3305,1180.0
3306,1391.0
3307,1660.0
3308,1424.0
3309,1391.0
3310,1211.0
3311,1185.0
3312,1254.0
3313,1314.0
3314,1215.0
3315,1232.0
3316,1331.0
3317,690.0
3318,738.0
3319,862.0
3320,946.0
3321,964.0
3322,736.0
3323,794.0
3324,918.0
3325,727.0
3326,688.0
3327,816.0
3328,795.0
3329,815.0
3330,734.0
3331,656.0
3332,731.0
3333,825.0
3334,935.0
3335,885.0
3336,617.0
3337,722.0
3338,696.0
3339,698.0
3340,724.0
3341,625.0
3342,603.0
3343,590.0
3344,813.0
3345,761.0
3346,796.0
3347,727.0
3348,712.0
3349,744.0
3350,727.0
3351,684.0
3352,761.0
3353,624.0
3354,913.0
3355,933.0
3356,765.0
3357,621.0
3358,692.0
3359,693.0
3360,670.0
3361,881.0
3362,1032.0
3363,935.0
3364,826.0
3365,669.0
3366,665.0
3367,673.0
3368,511.0
3369,714.0
3370,962.0
3371,1065.0
3372,935.0
3373,630.0
3375,748.0
3376,987.0
3377,1086.0
3378,973.0
3379,863.0
3380,784.0
3381,833.0
3382,926.0
3383,1091.0
3384,1094.0
3385,969.0
3386,888.0
3387,961.0
3388,966.0
3389,689.0
3390,1026.0
3391,1191.0
3392,1084.0
3393,727.0
3394,1053.0
3395,1053.0
3396,1132.0
3397,820.0
3398,989.0
3399,1010.0
3400,1067.0
3401,1077.0
3402,977.0
3403,1198.0
3404,1168.0
3405,1024.0
3406,1110.0
3407,1094.0
3408,989.0
3409,1281.0
3410,1182.0
3411,1095.0
3412,1332.0
3413,1076.0
3414,863.0
3415,959.0
3416,1086.0
3417,979.0
3418,1109.0
3419,1366.0
3420,824.0
3422,776.0
3423,1117.0
3424,1224.0
3425,1186.0
3426,1429.0
3427,1029.0
3428,1289.0
3429,891.0
3430,1049.0
3431,1076.0
3432,1134.0
3433,1292.0
3434,1171.0
3435,1561.0
3436,1142.0
3437,837.0
3438,987.0
3439,886.0
3440,1003.0
3441,1091.0
3442,1439.0
3443,1617.0
3444,1195.0
3445,888.0
3446,1366.0
3447,1331.0
3448,1612.0
3449,1347.0
3450,1238.0
3451,1132.0
3452,1232.0
3453,1262.0
3454,1191.0
3455,1580.0
3456,2209.0
3457,1661.0
3458,1632.0
3459,1031.0
3460,1122.0
3461,1390.0
3462,1274.0
3463,336.0
3464,3139.0
3465,2406.0
3466,2165.0
3467,1330.0
3468,1356.0
3469,1931.0
3470,1026.0
3471,1263.0
3472,1321.0
3473,2065.0
3474,1777.0
3475,2530.0
3476,2698.0
3477,1979.0
3478,2687.0
3479,2356.0
3480,1921.0
3481,1543.0
3482,2348.0
3483,2635.0
3484,4047.0
3485,2701.0
3486,2200.0
3487,1241.0
3488,2091.0
3489,2470.0
3490,3119.0
3491,2210.0
3492,1291.0
3493,1806.0
3494,1936.0
3495,2008.0
3496,1973.0
3497,1874.0
3498,1425.0
3499,1306.0
3500,2041.0
3501,1916.0
3502,1826.0
3503,1971.0
3504,2017.0
3505,2019.0
3506,1627.0
3507,1824.0
3508,1723.0
3509,1644.0
3510,1254.0
3511,1885.0
3512,1549.0
3513,1438.0
3514,1143.0
3515,1857.0
3516,1891.0
3517,1685.0
3518,1798.0
3519,1666.0
3520,1852.0
3521,1789.0
3522,2240.0
3523,1551.0
3524,1692.0
3525,1558.0
3526,1594.0
3527,2261.0
3528,1623.0
3529,925.0
3530,769.0
3531,1940.0
3532,363.0
3533,306.0
3534,1513.0
3535,1396.0
3536,1575.0
3537,2504.0
3538,2359.0
3539,837.0
3540,1080.0
3541,849.0
3542,3181.0
3543,2085.0
3544,696.0
3545,629.0
3546,1150.0
3547,1356.0
3548,1630.0
3549,1191.0
3550,2597.0
3551,2587.0
3552,1161.0
3553,906.0
3554,850.0
3555,1454.0
3556,2298.0
3557,1592.0
3558,537.0
3559,356.0
3560,725.0
3561,1392.0
3562,1333.0
3563,2529.0
3564,2498.0
3565,2210.0
3566,1005.0
3567,752.0
3568,1155.0
3569,2247.0
3570,1589.0
3571,763.0
3572,1147.0
3573,1227.0
3574,1064.0
3575,2013.0
3576,2887.0
3577,3006.0
3578,2093.0
3579,1923.0
3580,2337.0
3581,1237.0
3582,924.0
3583,1636.0
3584,968.0
3585,1472.0
3586,1318.0
3587,2019.0
3588,2695.0
3589,3284.0
3590,2463.0
3591,2412.0
3592,2370.0
3593,2858.0
3594,1909.0
3595,2326.0
3596,2360.0
3597,2149.0
3598,1686.0
3599,1869.0
3600,1908.0
3601,2321.0
3602,2839.0
3603,2602.0
3604,2637.0
3605,2014.0
3606,2776.0
3607,2538.0
3608,2342.0
3609,2478.0
3610,1786.0
3611,1398.0
3612,1386.0
3613,1684.0
3614,2517.0
3615,1424.0
3616,1026.0
3617,1985.0
3618,3221.0
3619,2735.0
3620,2732.0
3621,2792.0
3622,2820.0
3623,2254.0
3624,2090.0
3625,1228.0
3626,801.0
3627,755.0
3628,839.0
3629,831.0
3630,1179.0
3631,1655.0
3632,1058.0
3633,1495.0
3634,966.0
3635,1447.0
3636,1471.0
3637,2711.0
3638,2478.0
3639,2477.0
3640,2696.0
3641,2095.0
3642,1952.0
3643,2512.0
3644,2272.0
3645,896.0
3646,753.0
3647,763.0
3648,715.0
3649,729.0
3650,709.0
3651,691.0
3652,856.0
3653,1865.0
3654,2683.0
3655,2099.0
3656,1099.0
3657,1451.0
3658,2487.0
3659,2617.0
3660,1969.0
3661,2313.0
3662,1956.0
3663,2091.0
3664,2755.0
3665,2057.0
3666,1142.0
3667,767.0
3668,737.0
3669,796.0
3670,821.0
3671,739.0
3672,720.0
3673,740.0
3674,709.0
3675,730.0
3676,862.0
3677,1855.0
3678,2079.0
3679,1360.0
3680,2068.0
3681,2610.0
3682,2053.0
3683,2061.0
3684,2181.0
3685,2308.0
3686,2483.0
3687,1876.0
3688,914.0
3689,772.0
3690,827.0
3691,785.0
3692,762.0
3693,817.0
3694,826.0
3695,957.0
3696,971.0
3697,741.0
3698,692.0
3699,704.0
3700,1034.0
3701,1704.0
3702,1220.0
3703,2568.0
3704,2015.0
3705,1979.0
3706,2219.0
3707,2381.0
3708,2673.0
3709,1846.0
3710,1117.0
3711,908.0
3712,861.0
3713,826.0
3714,812.0
3715,846.0
3716,829.0
3717,1015.0
3718,1480.0
3719,1775.0
3720,1398.0
3721,980.0
3722,807.0
3723,1051.0
3724,1587.0
3725,1729.0
3726,2906.0
3727,2100.0
3728,2723.0
3729,2537.0
3730,1922.0
3731,1710.0
3732,1285.0
3733,1337.0
3734,1125.0
3735,1052.0
3736,1006.0
3737,997.0
3738,942.0
3739,874.0
3740,1616.0
3741,1694.0
3742,2236.0
3743,1911.0
3744,1418.0
3745,1078.0
3746,998.0
3747,1564.0
3748,1857.0
3749,1615.0
3750,2151.0
3751,3050.0
3752,3062.0
3753,1602.0
3754,1433.0
3755,1258.0
3756,1196.0
3757,1360.0
3758,1288.0
3759,1209.0
3760,1238.0
3761,1188.0
3762,1257.0
3763,1088.0
3764,1400.0
3765,2206.0
3766,1876.0
3767,2458.0
3768,1716.0
3769,1437.0
3770,1283.0
3771,1361.0
3772,1694.0
3773,1873.0
3774,1796.0
3775,588.0
3776,2001.0
3777,3180.0
3778,1994.0
3779,1712.0
3780,1390.0
3781,1247.0
3782,1246.0
3783,1329.0
3784,1390.0
3785,1231.0
3786,1300.0
3787,1122.0
3788,1365.0
3789,1225.0
3790,1356.0
3791,1875.0
3792,1819.0
3793,2175.0
3794,2097.0
3795,2091.0
3796,2223.0
3797,2133.0
3798,1730.0
3799,1686.0
3800,1928.0
3801,1786.0
3802,341.0
3803,450.0
3804,526.0
3805,2017.0
3806,2848.0
3807,1943.0
3808,1762.0
3809,1520.0
3810,1277.0
3811,1226.0
3812,1285.0
3813,1353.0
3814,1145.0
3815,1273.0
3816,1251.0
3817,1285.0
3818,1275.0
3819,1201.0
3820,1323.0
3821,2351.0
3822,2627.0
3823,2439.0
3824,2479.0
3825,1884.0
3826,2782.0
3827,2468.0
3828,1968.0
3829,1675.0
3830,1765.0
3831,343.0
3832,397.0
3833,330.0
3834,2226.0
3835,2854.0
3836,1567.0
3837,1745.0
3838,1532.0
3839,1447.0
3840,1318.0
3841,1274.0
3842,1396.0
3843,1270.0
3844,1483.0
3845,1330.0
3846,1314.0
3847,1240.0
3848,1478.0
3849,1250.0
3850,1617.0
3851,2505.0
3852,2191.0
3853,2040.0
3854,2069.0
3855,2555.0
3856,1881.0
3857,2570.0
3858,1977.0
3859,1628.0
3860,1506.0
3861,314.0
3862,331.0
3863,323.0
3864,333.0
3865,3036.0
3866,2482.0
3867,2000.0
3868,1527.0
3869,1559.0
3870,1514.0
3871,1436.0
3872,1304.0
3873,1415.0
3874,1443.0
3875,1497.0
3876,1383.0
3877,1394.0
3878,1213.0
3879,1439.0
3880,1332.0
3881,1343.0
3882,1756.0
3883,2018.0
3884,2104.0
3885,2091.0
3886,1941.0
3887,2091.0
3888,1806.0
3889,2411.0
3890,1521.0
3891,1476.0
3892,890.0
3893,313.0
3894,331.0
3895,328.0
3896,333.0
3897,2499.0
3898,2160.0
3899,1900.0
3900,1406.0
3901,1414.0
3902,1548.0
3903,1431.0
3904,1295.0
3905,1272.0
3906,1301.0
3907,1516.0
3908,1475.0
3909,1550.0
3910,1361.0
3911,1360.0
3912,1196.0
3913,1989.0
3914,1994.0
3915,1770.0
3916,2037.0
3917,1819.0
3918,1822.0
3919,1387.0
3920,1135.0
3921,1277.0
3922,1733.0
3923,1453.0
3924,1317.0
3925,734.0
3926,307.0
3927,325.0
3928,318.0
3929,299.0
3930,1962.0
3931,2784.0
3932,2351.0
3933,1436.0
3934,1403.0
3935,1426.0
3936,1472.0
3937,1338.0
3938,1315.0
3939,1251.0
3940,1268.0
3941,1413.0
3942,1527.0
3943,1298.0
3944,1568.0
3945,1570.0
3946,2104.0
3947,2433.0
3948,2210.0
3949,2031.0
3950,1747.0
3951,1834.0
3952,1633.0
3953,863.0
3954,1044.0
3955,1311.0
3956,1469.0
3957,1301.0
3958,1303.0
3959,1285.0
3960,318.0
3961,340.0
3962,293.0
3963,285.0
3964,2133.0
3965,2490.0
3966,2758.0
3967,2266.0
3968,1544.0
3969,1457.0
3970,1428.0
3971,1358.0
3972,1330.0
3973,1325.0
3974,1258.0
3975,1361.0
3976,1524.0
3977,1360.0
3978,1243.0
3979,1439.0
3980,1289.0
3981,2093.0
3982,1985.0
3983,2117.0
3984,1939.0
3985,1873.0
3986,1916.0
3987,1301.0
3988,1118.0
3989,1381.0
3990,1102.0
3991,1319.0
3992,1493.0
3993,1361.0
3994,1520.0
3995,1438.0
3996,301.0
3997,283.0
3998,255.0
3999,271.0
4000,1518.0
4001,2335.0
4002,2570.0
4003,2186.0
4004,1614.0
4005,1589.0
4006,1485.0
4007,1461.0
4008,1387.0
4009,1352.0
4010,1297.0
4011,1346.0
4012,1512.0
4013,1432.0
4014,1302.0
4015,1312.0
4016,1279.0
4017,1237.0
4018,1293.0
4019,1396.0
4020,1519.0
4021,1202.0
4022,1491.0
4023,1390.0
4024,1389.0
4025,1124.0
4026,1296.0
4027,1344.0
4028,1581.0
4029,1589.0
4030,1482.0
4031,1658.0
4032,1477.0
4033,253.0
4034,277.0
4035,272.0
4036,290.0
4037,263.0
4038,1075.0
4039,1680.0
4040,2625.0
4041,2095.0
4042,2394.0
4043,1526.0
4044,1589.0
4045,1488.0
4046,1514.0
4047,1412.0
4048,1355.0
4049,1423.0
4050,1312.0
4051,1362.0
4052,1345.0
4053,1248.0
4054,1238.0
4055,1277.0
4056,1337.0
4057,1269.0
4058,1182.0
4059,1137.0
4060,1155.0
4061,1167.0
4062,1464.0
4063,1479.0
4064,1298.0
4065,1173.0
4066,1299.0
4067,1573.0
4068,1443.0
4069,1478.0
4070,1745.0
4071,1584.0
4072,257.0
4073,275.0
4074,263.0
4075,256.0
4076,548.0
4077,1606.0
4078,2200.0
4079,2695.0
4080,2160.0
4081,1925.0
4082,1926.0
4083,1534.0
4084,1534.0
4085,1436.0
4086,1396.0
4087,1396.0
4088,1440.0
4089,1358.0
4090,1303.0
4091,1295.0
4092,1275.0
4093,1339.0
4094,1413.0
4095,1341.0
4096,1293.0
4097,1193.0
4098,1245.0
4099,1266.0
4100,1367.0
4101,1434.0
4102,1534.0
4103,1374.0
4104,1219.0
4105,1357.0
4106,1302.0
4107,1426.0
4108,1631.0
4109,1709.0
4110,1425.0
4111,251.0
4112,256.0
4113,253.0
4114,287.0
4115,1424.0
4116,1880.0
4117,2688.0
4118,2647.0
4119,1355.0
4120,2117.0
4121,1835.0
4122,1599.0
4123,1541.0
4124,1392.0
4125,1387.0
4126,1478.0
4127,1458.0
4128,1329.0
4129,1243.0
4130,1315.0
4131,1336.0
4132,1305.0
4133,1244.0
4134,1254.0
4135,1258.0
4136,1177.0
4137,1313.0
4138,1427.0
4139,1429.0
4140,1418.0
4141,1496.0
4142,1284.0
4143,1235.0
4144,1252.0
4145,1448.0
4146,1531.0
4147,1646.0
4148,1597.0
4149,1545.0
4150,265.0
4151,274.0
4152,254.0
4153,820.0
4154,1551.0
4155,2426.0
4156,3102.0
4157,2087.0
4158,1781.0
4159,1704.0
4160,1546.0
4161,1546.0
4162,1474.0
4163,1318.0
4164,1348.0
4165,1427.0
4166,1348.0
4167,1340.0
4168,1317.0
4169,1323.0
4170,1234.0
4171,1204.0
4172,1226.0
4173,1250.0
4174,1228.0
4175,1386.0
4176,1243.0
4177,1316.0
4178,1379.0
4179,1411.0
4180,1427.0
4181,1246.0
4182,1093.0
4183,1286.0
4184,1364.0
4185,1280.0
4186,1575.0
4187,1530.0
4188,1285.0
4189,266.0
4190,272.0
4191,285.0
4192,437.0
4193,1361.0
4194,1301.0
4195,3261.0
4196,2484.0
4197,1539.0
4198,1478.0
4199,1479.0
4200,1464.0
4201,1434.0
4202,1304.0
4203,1261.0
4204,1325.0
4205,1311.0
4206,1343.0
4207,1314.0
4208,1264.0
4209,1200.0
4210,1126.0
4211,1167.0
4212,1250.0
4213,1236.0
4214,1218.0
4215,1296.0
4216,1195.0
4217,1307.0
4218,1372.0
4219,1453.0
4220,1406.0
4221,1279.0
4222,1253.0
4223,1292.0
4224,1248.0
4225,1408.0
4226,1357.0
4227,1286.0
4228,271.0
4229,244.0
4230,841.0
4231,1329.0
4232,2560.0
4233,2554.0
4234,2538.0
4235,1507.0
4236,1539.0
4237,1474.0
4238,1375.0
4239,1292.0
4240,1253.0
4241,1268.0
4242,1291.0
4243,1285.0
4244,1325.0
4245,1324.0
4246,1240.0
4247,1227.0
4248,1162.0
4249,1202.0
4250,1198.0
4251,1152.0
4252,1175.0
4253,1259.0
4254,1209.0
4255,1296.0
4256,1364.0
4257,1468.0
4258,1431.0
4259,1237.0
4260,1341.0
4261,1364.0
4262,1396.0
4263,1304.0
4264,1354.0
4265,1124.0
4266,277.0
4267,254.0
4268,466.0
4269,1795.0
4270,1615.0
4271,2572.0
4272,2388.0
4273,1293.0
4274,1456.0
4275,1504.0
4276,1402.0
4277,1268.0
4278,1220.0
4279,1257.0
4280,1297.0
4281,1305.0
4282,1315.0
4283,1342.0
4284,1300.0
4285,1238.0
4286,1273.0
4287,1232.0
4288,1252.0
4289,1232.0
4290,1132.0
4291,1122.0
4292,1196.0
4293,1155.0
4294,1208.0
4295,1238.0
4296,1506.0
4297,1544.0
4298,1424.0
4299,1360.0
4300,1379.0
4301,1426.0
4302,1303.0
4303,1188.0
4304,335.0
4305,317.0
4306,966.0
4307,1184.0
4308,2143.0
4309,2607.0
4310,1362.0
4311,1318.0
4312,1359.0
4313,1321.0
4314,1240.0
4315,1204.0
4316,1222.0
4317,1296.0
4318,1323.0
4319,1335.0
4320,1319.0
4321,1271.0
4322,1262.0
4323,1244.0
4324,1221.0
4325,1248.0
4326,1257.0
4327,1224.0
4328,1139.0
4329,1209.0
4330,1189.0
4331,1186.0
4332,1169.0
4333,980.0
4334,1306.0
4335,1505.0
4336,1467.0
4337,1471.0
4338,1401.0
4339,1329.0
4340,1062.0
4341,987.0
4342,434.0
4343,426.0
4344,688.0
4345,1188.0
4346,1409.0
4347,2550.0
4348,2430.0
4349,1871.0
4350,1347.0
4351,1357.0
4352,1249.0
4353,1244.0
4354,1283.0
4355,1350.0
4356,1342.0
4357,1380.0
4358,1323.0
4359,1300.0
4360,1265.0
4361,1256.0
4362,1292.0
4363,1283.0
4364,1321.0
4365,1329.0
4366,1344.0
4367,1334.0
4368,1312.0
4369,1282.0
4370,1273.0
4371,1133.0
4372,1011.0
4373,1105.0
4374,1125.0
4375,1194.0
4376,1269.0
4377,1254.0
4378,1062.0
4379,1059.0
4380,403.0
4381,474.0
4382,294.0
4383,878.0
4384,1109.0
4385,1743.0
4386,2546.0
4387,2540.0
4388,2200.0
4389,1462.0
4390,1342.0
4391,1246.0
4392,1280.0
4393,1249.0
4394,1257.0
4395,1262.0
4396,1287.0
4397,1325.0
4398,1298.0
4399,1255.0
4400,1274.0
4401,1290.0
4402,1359.0
4403,1437.0
4404,1445.0
4405,1412.0
4406,1375.0
4407,1311.0
4408,1349.0
4409,1290.0
4410,1164.0
4411,1131.0
4412,1018.0
4413,993.0
4414,1090.0
4415,1157.0
4416,1144.0
4417,1114.0
4418,963.0
4419,733.0
4420,446.0
4421,515.0
4422,1065.0
4423,1157.0
4424,1783.0
4425,1591.0
4426,2520.0
4427,1414.0
4428,1497.0
4429,1344.0
4430,1261.0
4431,1180.0
4432,1132.0
4433,1105.0
4434,1301.0
4435,1335.0
4436,1352.0
4437,1291.0
4438,1252.0
4439,1313.0
4440,1323.0
4441,1341.0
4442,1349.0
4443,1459.0
4444,1465.0
4445,1370.0
4446,1517.0
4447,1426.0
4448,1292.0
4449,1198.0
4450,1110.0
4451,1009.0
4452,1042.0
4453,1069.0
4454,1127.0
4455,1159.0
4456,1095.0
4457,971.0
4458,921.0
4459,747.0
4460,682.0
4461,248.0
4462,659.0
4463,1047.0
4464,794.0
4465,1179.0
4466,1304.0
4467,2677.0
4468,1374.0
4469,1291.0
4470,1217.0
4471,1132.0
4472,1064.0
4473,1111.0
4474,1216.0
4475,1291.0
4476,1352.0
4477,1271.0
4478,1249.0
4479,1275.0
4480,1275.0
4481,1277.0
4482,1201.0
4483,1188.0
4484,1311.0
4485,1307.0
4486,1363.0
4487,1285.0
4488,1231.0
4489,1175.0
4490,1129.0
4491,1052.0
4492,1080.0
4493,1091.0
4494,1109.0
4495,1028.0
4496,1064.0
4497,1068.0
4498,1035.0
4499,1001.0
4500,756.0
4501,475.0
4502,723.0
4503,800.0
4504,786.0
4505,926.0
4506,1101.0
4507,2661.0
4508,1437.0
4509,1131.0
4510,1092.0
4511,1038.0
4512,1027.0
4513,1165.0
4514,1506.0
4515,1368.0
4516,1210.0
4517,1292.0
4518,1251.0
4519,1265.0
4520,1329.0
4521,1142.0
4522,1129.0
4523,1148.0
4524,1145.0
4525,1128.0
4526,1132.0
4527,1191.0
4528,1245.0
4529,1209.0
4530,1115.0
4531,1110.0
4532,1108.0
4533,1083.0
4534,1110.0
4535,999.0
4536,1169.0
4537,1232.0
4538,1102.0
4539,1024.0
4540,795.0
4541,725.0
4542,461.0
4543,780.0
4544,772.0
4545,756.0
4546,897.0
4547,1417.0
4548,2332.0
4549,1638.0
4550,1103.0
4551,943.0
4552,1016.0
4553,1098.0
4554,1228.0
4555,1528.0
4556,1207.0
4557,1150.0
4558,1232.0
4559,1180.0
4560,1275.0
4561,1201.0
4562,1168.0
4563,1224.0
4564,1261.0
4565,1231.0
4566,1140.0
4567,1163.0
4568,1249.0
4569,1255.0
4570,1237.0
4571,1246.0
4572,1126.0
4573,1159.0
4574,1005.0
4575,1008.0
4576,1036.0
4577,1109.0
4578,1092.0
4579,1093.0
4580,1042.0
4581,757.0
4582,465.0
4583,675.0
4584,631.0
4585,812.0
4586,949.0
4587,2216.0
4588,2456.0
4589,1163.0
4590,876.0
4591,888.0
4592,967.0
4593,1193.0
4594,1253.0
4595,1277.0
4596,1249.0
4597,1225.0
4598,1264.0
4599,1218.0
4600,1210.0
4601,1047.0
4602,1137.0
4603,1161.0
4604,1272.0
4605,1247.0
4606,1249.0
4607,1241.0
4608,1329.0
4609,1342.0
4610,1365.0
4611,1304.0
4612,1218.0
4613,1103.0
4614,1040.0
4615,1045.0
4616,1053.0
4617,1006.0
4618,1036.0
4619,958.0
4620,1035.0
4621,874.0
4622,510.0
4623,707.0
4624,710.0
4625,784.0
4626,2016.0
4627,2211.0
4628,1418.0
4629,1030.0
4630,822.0
4631,840.0
4632,897.0
4633,1090.0
4634,1212.0
4635,1364.0
4636,1256.0
4637,1266.0
4638,1219.0
4639,1114.0
4640,1187.0
4641,1123.0
4642,1071.0
4643,1109.0
4644,1274.0
4645,1296.0
4646,1209.0
4647,1221.0
4648,1344.0
4649,1363.0
4650,1352.0
4651,1318.0
4652,1214.0
4653,1073.0
4654,1058.0
4655,998.0
4656,1029.0
4657,1080.0
4658,1009.0
4659,912.0
4660,833.0
4661,545.0
4662,605.0
4663,793.0
4664,1250.0
4665,2368.0
4666,2232.0
4667,1261.0
4668,1037.0
4669,920.0
4670,926.0
4671,1059.0
4672,1255.0
4673,1332.0
4674,1382.0
4675,1431.0
4676,1190.0
4677,1143.0
4678,1082.0
4679,1071.0
4680,1082.0
4681,1109.0
4682,1137.0
4683,1274.0
4684,1218.0
4685,1304.0
4686,1245.0
4687,1307.0
4688,1291.0
4689,1231.0
4690,1121.0
4691,1065.0
4692,1111.0
4693,1051.0
4694,969.0
4695,1029.0
4696,1042.0
4697,931.0
4698,881.0
4699,865.0
4700,804.0
4701,288.0
4702,619.0
4703,578.0
4704,901.0
4705,2160.0
4706,2116.0
4707,2325.0
4708,1190.0
4709,1069.0
4710,1087.0
4711,1114.0
4712,1171.0
4713,1276.0
4714,1521.0
4715,1278.0
4716,1394.0
4717,1199.0
4718,1065.0
4719,1062.0
4720,1036.0
4721,1048.0
4722,1174.0
4723,1216.0
4724,1264.0
4725,1326.0
4726,1330.0
4727,1340.0
4728,1316.0
4729,1164.0
4730,1090.0
4731,1113.0
4732,1118.0
4733,1039.0
4734,1008.0
4735,967.0
4736,959.0
4737,973.0
4738,904.0
4739,915.0
4740,853.0
4741,852.0
4742,710.0
4743,527.0
4744,538.0
4745,478.0
4746,943.0
4747,1595.0
4748,2358.0
4749,2040.0
4750,1253.0
4751,1113.0
4752,1076.0
4753,1231.0
4754,1121.0
4755,1362.0
4756,1489.0
4757,1386.0
4758,1188.0
4759,1156.0
4760,1140.0
4761,1025.0
4762,951.0
4763,1028.0
4764,1135.0
4765,1234.0
4766,1269.0
4767,1252.0
4768,1256.0
4769,1286.0
4770,1152.0
4771,1150.0
4772,1219.0
4773,1112.0
4774,1041.0
4775,991.0
4776,1016.0
4777,867.0
4778,920.0
4779,940.0
4780,872.0
4781,910.0
4782,918.0
4783,1202.0
4784,906.0
4785,487.0
4786,539.0
4787,457.0
4788,512.0
4789,742.0
4790,1344.0
4791,1920.0
4792,2624.0
4793,1213.0
4794,1115.0
4795,1349.0
4796,1075.0
4797,1093.0
4798,1335.0
4799,1301.0
4800,1135.0
4801,1281.0
4802,1182.0
4803,1172.0
4804,984.0
4805,1059.0
4806,1094.0
4807,1064.0
4808,1114.0
4809,1155.0
4810,1168.0
4811,1114.0
4812,944.0
4813,1007.0
4814,1185.0
4815,1046.0
4816,1009.0
4817,842.0
4818,920.0
4819,861.0
4820,830.0
4821,891.0
4822,929.0
4823,929.0
4824,983.0
4825,1152.0
4826,1265.0
4827,1265.0
4828,786.0
4829,370.0
4830,644.0
4831,524.0
4832,514.0
4833,514.0
4834,864.0
4835,1496.0
4836,1629.0
4837,2162.0
4838,1200.0
4839,793.0
4840,1060.0
4841,872.0
4842,906.0
4843,1258.0
4844,1166.0
4845,1303.0
4846,1189.0
4847,1173.0
4848,1108.0
4849,957.0
4850,1065.0
4851,1078.0
4852,1020.0
4853,1016.0
4854,1052.0
4855,943.0
4856,895.0
4857,991.0
4858,1156.0
4859,1040.0
4860,1081.0
4861,977.0
4862,932.0
4863,868.0
4864,837.0
4865,857.0
4866,937.0
4867,957.0
4868,899.0
4869,1031.0
4870,1085.0
4871,1152.0
4872,1223.0
4873,826.0
4874,343.0
4875,619.0
4876,477.0
4877,525.0
4878,544.0
4879,535.0
4880,1037.0
4881,1586.0
4882,1792.0
4883,1837.0
4884,677.0
4885,727.0
4886,814.0
4887,930.0
4888,1070.0
4889,1166.0
4890,1132.0
4891,1315.0
4892,1226.0
4893,1181.0
4894,1171.0
4895,975.0
4896,1009.0
4897,1043.0
4898,935.0
4899,958.0
4900,899.0
4901,897.0
4902,916.0
4903,1093.0
4904,1120.0
4905,940.0
4906,937.0
4907,850.0
4908,841.0
4909,902.0
4910,850.0
4911,823.0
4912,844.0
4913,1031.0
4914,995.0
4915,980.0
4916,1099.0
4917,1082.0
4918,1176.0
4919,766.0
4920,361.0
4921,448.0
4922,520.0
4923,513.0
4924,464.0
4925,634.0
4926,792.0
4927,1527.0
4928,1758.0
4929,1486.0
4930,690.0
4931,613.0
4932,714.0
4933,1095.0
4934,1141.0
4935,818.0
4936,953.0
4937,1217.0
4938,1016.0
4939,1291.0
4940,1325.0
4941,1299.0
4942,1080.0
4943,1052.0
4944,1049.0
4945,951.0
4946,862.0
4947,905.0
4948,940.0
4949,962.0
4950,1018.0
4951,1064.0
4952,1032.0
4953,926.0
4954,836.0
4955,872.0
4956,865.0
4957,800.0
4958,718.0
4959,823.0
4960,905.0
4961,874.0
4962,886.0
4963,902.0
4964,939.0
4965,858.0
4966,256.0
4967,362.0
4968,417.0
4969,580.0
4970,437.0
4971,489.0
4972,563.0
4973,923.0
4974,1730.0
4975,1777.0
4976,1423.0
4977,679.0
4978,616.0
4979,772.0
4980,806.0
4981,1081.0
4982,1263.0
4983,983.0
4984,824.0
4985,1019.0
4986,1126.0
4987,1271.0
4988,1264.0
4989,1202.0
4990,1188.0
4991,1025.0
4992,995.0
4993,904.0
4994,973.0
4995,1024.0
4996,1111.0
4997,1041.0
4998,1090.0
4999,1154.0
5000,939.0
5001,914.0
5002,883.0
5003,819.0
5004,804.0
5005,811.0
5006,890.0
5007,843.0
5008,1012.0
5009,985.0
5010,1026.0
5011,981.0
5012,768.0
5013,788.0
5014,271.0
5015,387.0
5016,340.0
5017,411.0
5018,575.0
5019,402.0
5020,601.0
5021,782.0
5022,1747.0
5023,1893.0
5024,1491.0
5025,695.0
5026,618.0
5027,585.0
5028,667.0
5029,751.0
5030,846.0
5031,1048.0
5032,1102.0
5033,864.0
5034,862.0
5035,1134.0
5036,1254.0
5037,1323.0
5038,1288.0
5039,1275.0
5040,971.0
5041,1008.0
5042,1037.0
5043,1196.0
5044,1173.0
5045,1115.0
5046,1127.0
5047,1320.0
5048,1072.0
5049,867.0
5050,851.0
5051,862.0
5052,744.0
5053,917.0
5054,867.0
5055,768.0
5056,856.0
5057,1020.0
5058,1135.0
5059,997.0
5060,883.0
5061,901.0
5062,874.0
5063,874.0
5065,357.0
5066,378.0
5067,371.0
5068,465.0
5069,414.0
5070,594.0
5071,821.0
5072,1975.0
5073,1933.0
5074,1393.0
5075,703.0
5076,566.0
5077,612.0
5078,753.0
5079,648.0
5080,774.0
5081,996.0
5082,1166.0
5083,814.0
5084,1024.0
5085,1125.0
5086,1298.0
5087,1342.0
5088,1396.0
5089,1397.0
5090,1258.0
5091,1174.0
5092,1332.0
5093,1528.0
5094,1466.0
5095,1651.0
5096,1348.0
5097,1364.0
5098,1032.0
5099,1011.0
5100,828.0
5101,876.0
5102,1074.0
5103,995.0
5104,1027.0
5105,973.0
5106,797.0
5107,856.0
5108,1015.0
5109,1141.0
5110,1091.0
5111,966.0
5112,1056.0
5113,1003.0
5114,765.0
5115,237.0
5116,368.0
5117,307.0
5118,389.0
5119,376.0
5120,503.0
5121,600.0
5122,1295.0
5123,2470.0
5124,1399.0
5125,843.0
5126,715.0
5127,574.0
5128,603.0
5129,609.0
5130,686.0
5131,674.0
5132,771.0
5133,1036.0
5134,844.0
5135,848.0
5136,1268.0
5137,1103.0
5138,1411.0
5139,1431.0
5140,1456.0
5141,1500.0
5142,1480.0
5143,1659.0
5144,1685.0
5145,1543.0
5146,1643.0
5147,1390.0
5148,1334.0
5149,895.0
5150,965.0
5151,893.0
5152,1039.0
5153,1298.0
5154,1191.0
5155,1140.0
5156,981.0
5157,1034.0
5158,886.0
5159,833.0
5160,1070.0
5161,1143.0
5162,1207.0
5163,1271.0
5164,1430.0
5165,1131.0
5166,233.0
5167,342.0
5168,362.0
5169,375.0
5170,369.0
5171,451.0
5172,778.0
5173,1592.0
5174,1885.0
5175,1507.0
5176,838.0
5177,647.0
5178,650.0
5179,614.0
5180,684.0
5181,712.0
5182,703.0
5183,887.0
5184,1248.0
5185,1146.0
5186,1097.0
5187,1336.0
5188,1242.0
5189,1346.0
5190,1311.0
5191,1353.0
5192,1375.0
5193,1313.0
5194,1497.0
5195,1589.0
5196,1654.0
5197,1658.0
5198,1486.0
5199,1362.0
5200,1105.0
5201,968.0
5202,945.0
5203,1017.0
5204,1120.0
5205,1473.0
5206,1365.0
5207,1425.0
5208,1229.0
5209,1167.0
5210,1248.0
5211,1244.0
5212,1335.0
5213,1645.0
5214,1724.0
5215,1611.0
5216,1345.0
5217,255.0
5218,471.0
5219,398.0
5220,363.0
5221,400.0
5222,531.0
5223,908.0
5224,1776.0
5225,1939.0
5226,1337.0
5227,759.0
5228,697.0
5229,663.0
5230,706.0
5231,723.0
5232,756.0
5233,747.0
5234,953.0
5235,1301.0
5236,1176.0
5237,1186.0
5238,1180.0
5239,1193.0
5240,1121.0
5241,1254.0
5242,1296.0
5243,1324.0
5244,1314.0
5245,1389.0
5246,1542.0
5247,1470.0
5248,1618.0
5249,1368.0
5250,1115.0
5251,1127.0
5252,970.0
5253,914.0
5254,1011.0
5255,1191.0
5256,1706.0
5257,1755.0
5258,1494.0
5259,1123.0
5260,1187.0
5261,1293.0
5262,1317.0
5263,1370.0
5264,1738.0
5265,1947.0
5266,1911.0
5267,1387.0
5268,378.0
5269,462.0
5270,499.0
5271,328.0
5272,600.0
5273,721.0
5274,826.0
5275,2010.0
5276,1800.0
5277,1164.0
5278,752.0
5279,696.0
5280,692.0
5281,747.0
5282,798.0
5283,808.0
5284,757.0
5285,894.0
5286,1087.0
5287,1328.0
5288,1201.0
5289,1002.0
5290,1122.0
5291,1079.0
5292,1015.0
5293,1203.0
5294,1214.0
5295,1276.0
5296,1313.0
5297,1540.0
5298,1407.0
5299,1515.0
5300,1339.0
5301,1128.0
5302,902.0
5303,963.0
5304,971.0
5305,1159.0
5306,1375.0
5307,1540.0
5308,1665.0
5309,1464.0
5310,1300.0
5311,1311.0
5312,1442.0
5313,1572.0
5314,1518.0
5315,1328.0
5316,1375.0
5317,1820.0
5318,754.0
5319,797.0
5320,698.0
5321,517.0
5322,421.0
5323,334.0
5324,322.0
5325,271.0
5326,244.0
5327,258.0
5328,282.0
5329,307.0
5330,280.0
5331,246.0
5332,303.0
5333,264.0
5334,262.0
5335,279.0
5336,327.0
5337,339.0
5338,389.0
5339,646.0
5340,958.0
5341,1216.0
5342,1605.0
5343,2145.0
5344,1306.0
5345,1294.0
5346,1076.0
5347,1088.0
5348,1451.0
5349,1795.0
5350,1379.0
5351,1745.0
5352,2008.0
5353,1804.0
5354,1500.0
5355,1697.0
5356,2060.0
5357,1574.0
5358,1204.0
5359,1232.0
5360,1311.0
5361,1398.0
5362,1276.0
5363,1192.0
5364,1065.0
5365,1145.0
5366,1160.0
5367,1094.0
5368,1057.0
5369,975.0
5370,972.0
5371,961.0
5372,984.0
5373,994.0
5374,1061.0
5375,780.0
5376,848.0
5377,715.0
5378,599.0
5379,517.0
5380,394.0
5381,344.0
5382,276.0
5383,261.0
5384,242.0
5385,271.0
5386,312.0
5387,299.0
5388,272.0
5389,245.0
5390,265.0
5391,241.0
5392,247.0
5393,271.0
5394,288.0
5395,346.0
5396,343.0
5397,432.0
5398,820.0
5399,1378.0
5400,1691.0
5401,1906.0
5402,1006.0
5403,1220.0
5404,1467.0
5405,1275.0
5406,1365.0
5407,1764.0
5408,2173.0
5409,1947.0
5410,1419.0
5411,1370.0
5412,1147.0
5413,1098.0
5414,1551.0
5415,1211.0
5416,1882.0
5417,1856.0
5418,1661.0
5419,1363.0
5420,1331.0
5421,1355.0
5422,1286.0
5423,1267.0
5424,1229.0
5425,1316.0
5426,1248.0
5427,1112.0
5428,1099.0
5429,1024.0
5430,1113.0
5431,1016.0
5432,1010.0
5433,997.0
5434,972.0
5435,1090.0
5436,1072.0
5437,1061.0
5438,862.0
5439,952.0
5440,828.0
5441,681.0
5442,564.0
5443,549.0
5444,419.0
5445,328.0
5446,290.0
5447,299.0
5448,271.0
5449,265.0
5450,259.0
5451,252.0
5452,261.0
5453,236.0
5454,229.0
5455,263.0
5456,243.0
5457,246.0
5458,291.0
5459,303.0
5460,323.0
5461,362.0
5462,443.0
5463,1065.0
5464,1369.0
5465,1584.0
5466,1677.0
5467,1585.0
5468,1609.0
5469,1473.0
5470,2066.0
5471,1536.0
5472,1979.0
5473,2111.0
5474,1856.0
5475,1317.0
5476,1055.0
5477,1662.0
5478,1424.0
5479,1567.0
5480,1631.0
5481,1843.0
5482,1405.0
5483,1322.0
5484,1338.0
5485,1385.0
5486,1453.0
5487,1369.0
5488,1284.0
5489,1330.0
5490,1155.0
5491,1040.0
5492,1087.0
5493,1321.0
5494,1133.0
5495,1144.0
5496,1117.0
5497,1125.0
5498,1174.0
5499,1048.0
5500,869.0
5501,1110.0
5502,1173.0
5503,1038.0
5504,952.0
5505,630.0
5506,576.0
5507,501.0
5508,419.0
5509,377.0
5510,392.0
5511,335.0
5512,292.0
5513,260.0
5514,240.0
5515,239.0
5516,244.0
5517,234.0
5518,224.0
5519,228.0
5520,235.0
5521,261.0
5522,282.0
5523,320.0
5524,346.0
5525,335.0
5526,364.0
5527,489.0
5528,765.0
5529,1426.0
5530,1205.0
5531,1667.0
5532,1599.0
5533,1618.0
5534,1831.0
5535,1916.0
5536,2083.0
5537,1616.0
5538,1529.0
5539,1297.0
5540,1312.0
5541,1645.0
5542,1170.0
5543,1860.0
5544,1918.0
5545,1365.0
5546,1421.0
5547,1456.0
5548,1665.0
5549,1725.0
5550,1510.0
5551,1149.0
5552,1184.0
5553,1222.0
5554,1238.0
5555,1255.0
5556,1167.0
5557,1177.0
5558,1395.0
5559,1235.0
5560,1224.0
5561,1144.0
5562,1108.0
5563,1463.0
5564,1469.0
5565,1512.0
5566,1267.0
5567,1006.0
5568,741.0
5569,637.0
5570,502.0
5571,443.0
5572,413.0
5573,372.0
5574,310.0
5575,290.0
5576,241.0
5577,231.0
5578,230.0
5579,232.0
5580,231.0
5581,224.0
5582,218.0
5583,239.0
5584,230.0
5585,283.0
5586,316.0
5587,320.0
5588,322.0
5589,348.0
5590,471.0
5591,906.0
5592,1129.0
5593,1270.0
5594,1048.0
5595,1342.0
5596,1252.0
5597,1324.0
5598,1360.0
5599,1518.0
5600,1685.0
5601,1516.0
5602,1683.0
5603,1881.0
5604,2133.0
5605,1651.0
5606,1860.0
5607,1991.0
5608,1815.0
5609,1361.0
5610,1291.0
5611,1643.0
5612,1549.0
5613,1486.0
5614,1354.0
5615,1476.0
5616,1406.0
5617,1533.0
5618,1523.0
5619,1206.0
5620,1228.0
5621,1508.0
5622,1258.0
5623,1185.0
5624,1224.0
5625,883.0
5626,1263.0
5627,1315.0
5628,1738.0
5629,1908.0
5630,1666.0
5631,1553.0
5632,947.0
5633,862.0
5634,774.0
5635,557.0
5636,432.0
5637,461.0
5638,302.0
5639,260.0
5640,267.0
5641,240.0
5642,232.0
5643,228.0
5644,235.0
5645,228.0
5646,219.0
5647,237.0
5648,276.0
5649,275.0
5650,265.0
5651,289.0
5652,301.0
5653,322.0
5654,326.0
5655,359.0
5656,404.0
5657,547.0
5658,1109.0
5659,898.0
5660,839.0
5661,1343.0
5662,1493.0
5663,754.0
5664,1112.0
5665,1036.0
5666,1649.0
5667,1199.0
5668,2092.0
5669,2349.0
5670,1564.0
5671,1634.0
5672,1991.0
5673,1808.0
5674,2086.0
5675,1849.0
5676,1588.0
5677,1808.0
5678,1622.0
5679,1605.0
5680,1444.0
5681,1346.0
5682,1122.0
5683,1367.0
5684,1285.0
5685,1273.0
5686,1153.0
5687,1037.0
5688,673.0
5689,1111.0
5690,1197.0
5691,1433.0
5692,1728.0
5693,1736.0
5694,1408.0
5695,1230.0
5696,1076.0
5697,863.0
5698,824.0
5699,556.0
5700,390.0
5701,401.0
5702,263.0
5703,258.0
5704,249.0
5705,242.0
5706,234.0
5707,231.0
5708,259.0
5709,230.0
5710,252.0
5711,295.0
5712,310.0
5713,294.0
5714,278.0
5715,276.0
5716,338.0
5717,331.0
5718,353.0
5719,341.0
5720,364.0
5721,515.0
5722,788.0
5723,695.0
5724,752.0
5725,1218.0
5726,1552.0
5727,1183.0
5728,1183.0
5729,989.0
5730,1720.0
5731,1897.0
5732,1847.0
5733,1891.0
5734,1894.0
5735,1798.0
5736,1974.0
5737,1476.0
5738,1291.0
5739,1185.0
5740,1334.0
5741,1211.0
5742,1232.0
5743,1232.0
5744,1223.0
5745,1189.0
5746,1035.0
5747,1332.0
5748,1518.0
5749,1718.0
5750,1434.0
5751,1405.0
5752,1302.0
5753,1187.0
5754,971.0
5755,850.0
5756,675.0
5757,514.0
5758,416.0
5759,311.0
5760,257.0
5761,263.0
5762,245.0
5763,239.0
5764,239.0
5765,247.0
5766,304.0
5767,306.0
5768,293.0
5769,338.0
5770,322.0
5771,282.0
5772,262.0
5773,306.0
5774,325.0
5775,353.0
5776,372.0
5777,381.0
5778,412.0
5779,610.0
5780,907.0
5781,778.0
5782,769.0
5783,884.0
5784,1237.0
5785,1345.0
5786,1403.0
5787,1084.0
5788,1949.0
5789,1710.0
5790,2264.0
5791,2344.0
5792,2120.0
5793,1880.0
5794,1930.0
5795,1739.0
5796,1428.0
5797,1242.0
5798,1276.0
5799,1763.0
5800,1324.0
5801,1199.0
5802,1127.0
5803,1265.0
5804,1538.0
5805,1518.0
5806,1613.0
5807,1238.0
5808,1220.0
5809,1298.0
5810,1167.0
5811,1116.0
5812,897.0
5813,775.0
5814,602.0
5815,438.0
5816,426.0
5817,367.0
5818,287.0
5819,246.0
5820,251.0
5821,250.0
5822,247.0
5823,258.0
5824,284.0
5825,296.0
5826,291.0
5827,345.0
5828,328.0
5829,275.0
5830,277.0
5831,295.0
5832,316.0
5833,346.0
5834,363.0
5835,348.0
5836,360.0
5837,361.0
5838,868.0
5839,888.0
5840,699.0
5841,840.0
5842,1187.0
5843,1707.0
5844,2003.0
5845,1186.0
5846,1911.0
5847,2165.0
5848,1864.0
5849,2098.0
5850,1901.0
5851,1725.0
5852,1818.0
5853,1474.0
5854,1326.0
5855,1480.0
5856,1525.0
5857,1203.0
5858,1158.0
5859,1515.0
5860,1566.0
5861,1739.0
5862,1453.0
5863,1527.0
5864,1302.0
5865,1041.0
5866,1026.0
5867,1033.0
5868,846.0
5869,694.0
5870,516.0
5871,443.0
5872,449.0
5873,320.0
5874,252.0
5875,253.0
5876,255.0
5877,252.0
5878,246.0
5879,254.0
5880,237.0
5881,220.0
5882,285.0
5883,333.0
5884,331.0
5885,282.0
5886,303.0
5887,325.0
5888,311.0
5889,301.0
5890,314.0
5891,332.0
5892,333.0
5893,336.0
5894,396.0
5895,751.0
5896,828.0
5897,828.0
5898,1001.0
5899,1614.0
5900,2025.0
5901,1279.0
5902,1882.0
5903,1446.0
5904,2144.0
5905,1761.0
5906,1607.0
5907,1949.0
5908,1450.0
5909,1290.0
5910,1571.0
5911,1505.0
5912,1245.0
5913,1509.0
5914,1579.0
5915,1464.0
5916,1654.0
5917,1568.0
5918,1263.0
5919,1126.0
5920,994.0
5921,832.0
5922,830.0
5923,728.0
5924,554.0
5925,477.0
5926,467.0
5927,363.0
5928,279.0
5929,253.0
5930,255.0
5931,248.0
5932,250.0
5933,242.0
5934,245.0
5935,235.0
5936,238.0
5937,290.0
5938,329.0
5939,322.0
5940,335.0
5941,318.0
5942,298.0
5943,297.0
5944,290.0
5945,310.0
5946,322.0
5947,328.0
5948,332.0
5949,357.0
5950,496.0
5951,844.0
5952,935.0
5953,1010.0
5954,1345.0
5955,2336.0
5956,1163.0
5957,1215.0
5958,1360.0
5959,1545.0
5960,2004.0
5961,2113.0
5962,1383.0
5963,2070.0
5964,1882.0
5965,1505.0
5966,1703.0
5967,1488.0
5968,1396.0
5969,1575.0
5970,1218.0
5971,1731.0
5972,1517.0
5973,1822.0
5974,1305.0
5975,1190.0
5976,1109.0
5977,1090.0
5978,919.0
5979,831.0
5980,762.0
5981,631.0
5982,498.0
5983,474.0
5984,436.0
5985,354.0
5986,277.0
5987,254.0
5988,248.0
5989,248.0
5990,244.0
5991,238.0
5992,245.0
5993,247.0
5994,288.0
5995,290.0
5996,298.0
5997,305.0
5998,325.0
5999,313.0
6000,301.0
6001,286.0
6002,311.0
6003,300.0
6004,306.0
6005,323.0
6006,338.0
6007,358.0
6008,369.0
6009,565.0
6010,847.0
6011,941.0
6012,1187.0
6013,2140.0
6014,1766.0
6015,1806.0
6016,2080.0
6017,1920.0
6018,1187.0
6019,2309.0
6020,1851.0
6021,1518.0
6022,1407.0
6023,2068.0
6024,1661.0
6025,1397.0
6026,1832.0
6027,1409.0
6028,1613.0
6029,1313.0
6030,1710.0
6031,1678.0
6032,1417.0
6033,1784.0
6034,1243.0
6035,1053.0
6036,1090.0
6037,898.0
6038,1042.0
6039,873.0
6040,720.0
6041,528.0
6042,472.0
6043,467.0
6044,433.0
6045,410.0
6046,350.0
6047,251.0
6048,251.0
6049,247.0
6050,245.0
6051,242.0
6052,239.0
6053,251.0
6054,270.0
6055,244.0
6056,286.0
6057,268.0
6058,251.0
6059,297.0
6060,286.0
6061,294.0
6062,298.0
6063,307.0
6064,324.0
6065,329.0
6066,373.0
6067,399.0
6068,411.0
6069,433.0
6070,732.0
6071,1185.0
6072,1204.0
6073,1964.0
6074,1763.0
6075,1469.0
6076,1942.0
6077,1578.0
6078,1932.0
6079,1871.0
6080,1768.0
6081,1382.0
6082,1804.0
6083,1905.0
6084,1856.0
6085,2020.0
6086,1557.0
6087,1633.0
6088,1541.0
6089,1677.0
6090,1675.0
6091,1427.0
6092,1576.0
6093,1052.0
6094,874.0
6095,997.0
6096,1061.0
6097,962.0
6098,833.0
6099,766.0
6100,652.0
6101,565.0
6102,549.0
6103,447.0
6104,435.0
6105,294.0
6106,256.0
6107,250.0
6108,254.0
6109,243.0
6110,241.0
6111,246.0
6112,256.0
6113,255.0
6114,232.0
6115,232.0
6116,239.0
6117,222.0
6118,277.0
6119,305.0
6120,293.0
6121,305.0
6122,322.0
6123,317.0
6124,314.0
6125,318.0
6126,343.0
6127,349.0
6128,475.0
6129,702.0
6130,1404.0
6131,1195.0
6132,1919.0
6133,2031.0
6134,979.0
6135,2275.0
6136,2252.0
6137,2016.0
6138,1986.0
6139,1711.0
6140,1724.0
6141,1671.0
6142,1494.0
6143,1723.0
6144,1475.0
6145,1133.0
6146,1714.0
6147,1405.0
6148,1152.0
6149,1110.0
6150,913.0
6151,891.0
6152,931.0
6153,1026.0
6154,940.0
6155,735.0
6156,687.0
6157,640.0
6158,538.0
6159,614.0
6160,462.0
6161,398.0
6162,301.0
6163,251.0
6164,256.0
6165,255.0
6166,258.0
6167,252.0
6168,257.0
6169,246.0
6170,244.0
6171,223.0
6172,247.0
6173,277.0
6174,227.0
6175,267.0
6176,270.0
6177,358.0
6178,360.0
6179,326.0
6180,301.0
6181,306.0
6182,314.0
6183,315.0
6184,346.0
6185,351.0
6186,739.0
6187,951.0
6188,1241.0
6189,1534.0
6190,1732.0
6191,1479.0
6192,2280.0
6193,2328.0
6194,1891.0
6195,2168.0
6196,1781.0
6197,1504.0
6198,1567.0
6199,1495.0
6200,1587.0
6201,1946.0
6202,1279.0
6203,1501.0
6204,1386.0
6205,1322.0
6206,1014.0
6207,889.0
6208,961.0
6209,895.0
6210,931.0
6211,838.0
6212,737.0
6213,674.0
6214,603.0
6215,500.0
6216,576.0
6217,430.0
6218,394.0
6219,268.0
6220,263.0
6221,263.0
6222,274.0
6223,260.0
6224,260.0
6225,252.0
6226,240.0
6227,232.0
6228,238.0
6229,287.0
6230,299.0
6231,281.0
6232,302.0
6233,309.0
6234,319.0
6235,311.0
6236,299.0
6237,285.0
6238,281.0
6239,305.0
6240,312.0
6241,315.0
6242,445.0
6243,892.0
6244,1051.0
6245,1221.0
6246,1496.0
6247,1484.0
6248,1235.0
6249,2695.0
6250,1732.0
6251,1913.0
6252,1818.0
6253,1533.0
6254,1683.0
6255,1380.0
6256,1209.0
6257,1585.0
6258,1403.0
6259,1559.0
6260,1228.0
6261,954.0
6262,987.0
6263,945.0
6264,887.0
6265,983.0
6266,828.0
6267,700.0
6268,677.0
6269,571.0
6270,462.0
6271,553.0
6272,416.0
6273,315.0
6274,258.0
6275,266.0
6276,261.0
6277,266.0
6278,310.0
6279,259.0
6280,245.0
6281,246.0
6282,284.0
6283,290.0
6284,322.0
6285,315.0
6286,320.0
6287,289.0
6288,269.0
6289,266.0
6290,265.0
6291,264.0
6292,279.0
6293,277.0
6294,293.0
6295,301.0
6296,314.0
6297,528.0
6298,905.0
6299,938.0
6300,989.0
6301,802.0
6302,1551.0
6303,1978.0
6304,2312.0
6305,1823.0
6306,1409.0
6307,1499.0
6308,1939.0
6309,1523.0
6310,1485.0
6311,1217.0
6312,1152.0
6313,1198.0
6314,1169.0
6315,1419.0
6316,1282.0
6317,1157.0
6318,893.0
6319,951.0
6320,907.0
6321,924.0
6322,767.0
6323,625.0
6324,646.0
6325,510.0
6326,485.0
6327,414.0
6328,409.0
6329,347.0
6330,287.0
6331,287.0
6332,333.0
6333,325.0
6334,297.0
6335,284.0
6336,257.0
6337,246.0
6338,299.0
6339,318.0
6340,311.0
6341,332.0
6342,339.0
6343,317.0
6344,265.0
6345,262.0
6346,272.0
6347,281.0
6348,286.0
6349,292.0
6350,291.0
6351,312.0
6352,377.0
6353,720.0
6354,531.0
6355,652.0
6356,2246.0
6357,1519.0
6358,2279.0
6359,1972.0
6360,1445.0
6361,1978.0
6362,1513.0
6363,1806.0
6364,1444.0
6365,1311.0
6366,1678.0
6367,898.0
6368,1445.0
6369,1285.0
6370,1230.0
6371,1072.0
6372,891.0
6373,969.0
6374,906.0
6375,832.0
6376,678.0
6377,598.0
6378,515.0
6379,459.0
6380,412.0
6381,403.0
6382,325.0
6383,297.0
6384,296.0
6385,300.0
6386,293.0
6387,308.0
6388,284.0
6389,268.0
6390,222.0
6391,287.0
6392,396.0
6393,303.0
6394,374.0
6395,353.0
6396,320.0
6397,301.0
6398,270.0
6399,290.0
6400,413.0
6401,302.0
6402,294.0
6403,303.0
6404,350.0
6405,600.0
6406,610.0
6407,1617.0
6408,2503.0
6409,1899.0
6410,2301.0
6411,2201.0
6412,1480.0
6413,1886.0
6414,1661.0
6415,1691.0
6416,1743.0
6417,1956.0
6418,1877.0
6419,1197.0
6420,1506.0
6421,1578.0
6422,1378.0
6423,1044.0
6424,859.0
6425,913.0
6426,924.0
6427,798.0
6428,654.0
6429,609.0
6430,498.0
6431,474.0
6432,387.0
6433,355.0
6434,332.0
6435,307.0
6436,298.0
6437,294.0
6438,294.0
6439,292.0
6440,286.0
6441,276.0
6442,336.0
6443,557.0
6444,427.0
6445,420.0
6446,309.0
6447,379.0
6448,331.0
6449,289.0
6450,292.0
6451,317.0
6452,325.0
6453,305.0
6454,302.0
6455,317.0
6456,553.0
6457,585.0
6458,497.0
6459,1101.0
6460,1505.0
6461,2264.0
6462,2296.0
6463,2211.0
6464,1441.0
6465,1339.0
6466,1543.0
6467,2313.0
6468,1661.0
6469,2000.0
6470,1832.0
6471,2234.0
6472,1395.0
6473,1704.0
6474,1711.0
6475,1299.0
6476,924.0
6477,821.0
6478,868.0
6479,1000.0
6480,817.0
6481,666.0
6482,620.0
6483,499.0
6484,447.0
6485,355.0
6486,329.0
6487,340.0
6488,292.0
6489,276.0
6490,263.0
6491,276.0
6492,284.0
6493,273.0
6494,268.0
6495,406.0
6496,666.0
6497,467.0
6498,365.0
6499,330.0
6500,372.0
6501,340.0
6502,307.0
6503,319.0
6504,316.0
6505,334.0
6506,344.0
6507,320.0
6508,333.0
6509,796.0
6510,899.0
6511,1207.0
6512,2004.0
6513,2717.0
6514,2168.0
6515,2241.0
6516,1985.0
6517,2060.0
6518,1345.0
6519,1530.0
6520,1771.0
6521,1638.0
6522,1129.0
6523,775.0
6524,843.0
6525,1021.0
6526,894.0
6527,762.0
6528,667.0
6529,603.0
6530,496.0
6531,426.0
6532,381.0
6533,351.0
6534,309.0
6535,290.0
6536,257.0
6537,253.0
6538,270.0
6539,278.0
6540,274.0
6541,297.0
6542,306.0
6543,393.0
6544,331.0
6545,327.0
6546,478.0
6547,358.0
6548,324.0
6549,301.0
6550,318.0
6551,321.0
6552,379.0
6553,382.0
6554,324.0
6555,512.0
6556,960.0
6557,1096.0
6559,2311.0
6560,2148.0
6561,1991.0
6562,1995.0
6563,1953.0
6564,1455.0
6565,1044.0
6566,1537.0
6567,1478.0
6568,951.0
6569,1089.0
6570,1097.0
6571,1158.0
6572,1143.0
6573,900.0
6574,690.0
6575,583.0
6576,405.0
6577,386.0
6578,341.0
6579,354.0
6580,336.0
6581,302.0
6582,278.0
6583,249.0
6584,258.0
6585,254.0
6586,283.0
6587,266.0
6588,288.0
6589,315.0
6590,298.0
6591,296.0
6592,328.0
6593,338.0
6594,291.0
6595,283.0
6596,299.0
6597,354.0
6598,397.0
6599,338.0
6600,393.0
6601,576.0
6602,800.0
6603,2339.0
6604,2106.0
6605,2168.0
6606,1726.0
6607,2008.0
6608,2090.0
6609,1024.0
6610,1191.0
6611,1195.0
6612,1022.0
6613,962.0
6614,980.0
6615,947.0
6616,731.0
6617,691.0
6618,540.0
6619,403.0
6620,378.0
6621,350.0
6622,445.0
6623,341.0
6624,309.0
6625,276.0
6626,243.0
6627,241.0
6628,275.0
6629,264.0
6630,266.0
6631,281.0
6632,285.0
6633,280.0
6634,398.0
6635,310.0
6636,313.0
6637,284.0
6638,272.0
6639,300.0
6640,376.0
6641,391.0
6642,347.0
6643,370.0
6644,594.0
6645,702.0
6646,2198.0
6647,2135.0
6648,2033.0
6649,1711.0
6650,1778.0
6651,1889.0
6652,686.0
6653,851.0
6654,906.0
6655,831.0
6656,919.0
6657,890.0
6658,940.0
6659,819.0
6660,685.0
6661,592.0
6662,526.0
6663,487.0
6664,500.0
6665,430.0
6666,353.0
6667,353.0
6668,300.0
6669,328.0
6670,362.0
6671,479.0
6672,255.0
6673,249.0
6674,248.0
6675,256.0
6676,327.0
6677,314.0
6678,362.0
6679,365.0
6680,331.0
6681,288.0
6682,317.0
6683,371.0
6684,345.0
6685,360.0
6686,356.0
6687,455.0
6689,2133.0
6690,2178.0
6691,1623.0
6692,1415.0
6693,1972.0
6694,1993.0
6695,778.0
6696,819.0
6697,832.0
6698,858.0
6699,874.0
6700,952.0
6701,830.0
6702,745.0
6703,659.0
6704,578.0
6705,548.0
6706,524.0
6707,374.0
6708,350.0
6709,332.0
6710,387.0
6711,471.0
6712,455.0
6713,390.0
6714,263.0
6715,256.0
6716,296.0
6717,335.0
6718,377.0
6719,367.0
6720,325.0
6721,335.0
6722,294.0
6723,287.0
6724,317.0
6725,353.0
6726,366.0
6727,363.0
6728,517.0
6729,1470.0
6730,2197.0
6731,2148.0
6732,1665.0
6733,1519.0
6734,1402.0
6735,880.0
6736,822.0
6737,810.0
6738,839.0
6739,896.0
6740,893.0
6741,885.0
6742,823.0
6743,706.0
6744,560.0
6745,426.0
6746,398.0
6747,364.0
6748,311.0
6749,366.0
6750,505.0
6751,471.0
6752,341.0
6753,253.0
6754,243.0
6755,248.0
6756,314.0
6757,382.0
6758,354.0
6759,327.0
6760,310.0
6761,307.0
6762,278.0
6763,283.0
6764,282.0
6765,360.0
6766,386.0
6767,330.0
6768,492.0
6769,2273.0
6770,1936.0
6771,1670.0
6772,1306.0
6773,856.0
6774,899.0
6775,915.0
6776,899.0
6777,820.0
6778,955.0
6779,913.0
6780,852.0
6781,804.0
6782,552.0
6783,391.0
6784,369.0
6785,311.0
6786,278.0
6787,301.0
6788,311.0
6789,330.0
6790,250.0
6791,254.0
6792,243.0
6793,293.0
6794,293.0
6795,303.0
6796,315.0
6797,318.0
6798,312.0
6799,277.0
6800,281.0
6801,294.0
6802,291.0
6803,345.0
6804,332.0
6805,400.0
6806,431.0
6807,785.0
6808,1250.0
6809,1751.0
6810,848.0
6811,1373.0
6812,947.0
6813,876.0
6814,787.0
6815,1027.0
6816,999.0
6817,889.0
6818,775.0
6819,534.0
6820,400.0
6821,364.0
6822,275.0
6823,275.0
6824,264.0
6825,258.0
6826,285.0
6827,241.0
6828,243.0
6829,282.0
6830,288.0
6831,278.0
6832,283.0
6833,332.0
6834,338.0
6835,331.0
6836,282.0
6837,288.0
6838,307.0
6839,326.0
6840,313.0
6841,320.0
6842,425.0
6843,443.0
6844,850.0
6845,1236.0
6846,1365.0
6847,1200.0
6848,1877.0
6849,897.0
6850,985.0
6851,1057.0
6852,927.0
6853,878.0
6854,938.0
6855,1093.0
6856,891.0
6857,830.0
6858,687.0
6859,514.0
6860,474.0
6861,373.0
6862,282.0
6863,259.0
6864,253.0
6865,254.0
6866,253.0
6867,243.0
6868,241.0
6869,277.0
6870,281.0
6871,301.0
6872,312.0
6873,315.0
6874,340.0
6875,315.0
6876,332.0
6877,333.0
6878,309.0
6879,300.0
6880,311.0
6881,355.0
6882,413.0
6883,413.0
6884,481.0
6885,1080.0
6886,1289.0
6887,1967.0
6888,1044.0
6889,890.0
6890,967.0
6891,964.0
6892,893.0
6893,1063.0
6894,1052.0
6895,1172.0
6896,1046.0
6897,831.0
6898,575.0
6899,484.0
6900,486.0
6901,378.0
6902,265.0
6903,290.0
6904,258.0
6905,253.0
6906,251.0
6907,246.0
6908,252.0
6909,272.0
6910,287.0
6911,333.0
6912,322.0
6913,289.0
6914,313.0
6915,315.0
6916,354.0
6917,316.0
6918,272.0
6919,281.0
6920,327.0
6921,322.0
6922,341.0
6923,349.0
6924,384.0
6925,778.0
6926,1199.0
6927,1930.0
6928,966.0
6929,891.0
6930,984.0
6931,919.0
6932,842.0
6933,1015.0
6934,1518.0
6935,1398.0
6936,1073.0
6937,768.0
6938,498.0
6939,449.0
6940,395.0
6941,294.0
6942,276.0
6943,258.0
6944,257.0
6945,258.0
6946,251.0
6947,239.0
6948,249.0
6949,286.0
6950,322.0
6951,325.0
6952,282.0
6953,289.0
6954,305.0
6955,302.0
6956,306.0
6957,296.0
6958,274.0
6959,289.0
6960,305.0
6961,314.0
6962,327.0
6963,362.0
6964,415.0
6965,542.0
6966,1358.0
6967,925.0
6968,920.0
6969,967.0
6970,1028.0
6971,875.0
6972,866.0
6973,1103.0
6974,1681.0
6975,1085.0
6976,861.0
6977,671.0
6978,465.0
6979,408.0
6980,356.0
6981,269.0
6982,263.0
6983,258.0
6984,259.0
6985,249.0
6986,249.0
6987,253.0
6988,267.0
6989,366.0
6990,421.0
6991,335.0
6992,282.0
6993,266.0
6994,301.0
6995,311.0
6996,280.0
6997,289.0
6998,295.0
6999,298.0
7000,303.0
7001,316.0
7002,320.0
7003,363.0
7004,492.0
7005,532.0
7006,960.0
7007,1229.0
7008,1117.0
7009,868.0
7010,740.0
7011,896.0
7012,1079.0
7013,881.0
7014,817.0
7015,678.0
7016,466.0
7017,414.0
7018,331.0
7019,260.0
7020,261.0
7021,259.0
7022,258.0
7023,251.0
7024,256.0
7025,266.0
7026,346.0
7027,552.0
7028,450.0
7029,330.0
7030,318.0
7031,304.0
7032,334.0
7033,311.0
7034,296.0
7035,294.0
7036,304.0
7037,304.0
7038,292.0
7039,321.0
7040,321.0
7041,347.0
7042,518.0
7043,1113.0
7044,1708.0
7045,1805.0
7046,1310.0
7047,886.0
7048,818.0
7049,960.0
7050,942.0
7051,873.0
7052,615.0
7053,409.0
7054,359.0
7055,428.0
7056,285.0
7057,267.0
7058,258.0
7059,267.0
7060,258.0
7061,264.0
7062,288.0
7063,522.0
7064,548.0
7065,486.0
7066,370.0
7067,326.0
7068,320.0
7069,327.0
7070,315.0
7071,300.0
7072,306.0
7073,316.0
7074,294.0
7075,309.0
7076,325.0
7077,349.0
7078,370.0
7079,513.0
7080,2151.0
7081,2444.0
7082,2435.0
7083,2262.0
7084,1515.0
7085,1169.0
7086,1243.0
7087,1063.0
7088,928.0
7089,835.0
7090,559.0
7091,458.0
7092,454.0
7093,408.0
7094,288.0
7095,267.0
7096,263.0
7097,263.0
7098,264.0
7099,273.0
7100,391.0
7101,551.0
7102,585.0
7103,466.0
7104,367.0
7105,313.0
7106,281.0
7107,293.0
7108,315.0
7109,313.0
7110,297.0
7111,296.0
7112,301.0
7113,308.0
7114,345.0
7115,360.0
7116,393.0
7117,468.0
7118,1625.0
7119,2159.0
7120,2252.0
7121,2181.0
7122,1964.0
7123,1693.0
7124,1390.0
7125,969.0
7126,1010.0
7127,906.0
7128,681.0
7129,466.0
7130,431.0
7131,337.0
7132,286.0
7133,266.0
7134,264.0
7135,269.0
7136,276.0
7137,308.0
7138,541.0
7139,571.0
7140,378.0
7141,284.0
7142,290.0
7143,278.0
7144,287.0
7145,327.0
7146,351.0
7147,345.0
7148,297.0
7149,305.0
7150,304.0
7151,339.0
7152,354.0
7153,402.0
7154,434.0
7155,398.0
7156,1730.0
7157,1653.0
7158,1620.0
7159,1699.0
7160,1667.0
7161,1585.0
7162,1618.0
7163,2017.0
7164,1811.0
7165,1556.0
7166,984.0
7167,1010.0
7168,896.0
7169,563.0
7170,461.0
7171,425.0
7172,330.0
7173,272.0
7174,264.0
7175,263.0
7176,274.0
7177,283.0
7178,317.0
7179,369.0
7180,293.0
7181,275.0
7182,279.0
7183,276.0
7184,271.0
7185,275.0
7186,309.0
7187,347.0
7188,325.0
7189,311.0
7190,309.0
7191,317.0
7192,338.0
7193,342.0
7194,366.0
7195,465.0
7196,839.0
7197,1229.0
7198,1603.0
7199,1788.0
7200,2551.0
7201,2024.0
7202,1888.0
7203,1795.0
7204,1253.0
7205,1300.0
7206,1332.0
7207,1464.0
7208,1559.0
7209,1400.0
7210,902.0
7211,765.0
7212,636.0
7213,529.0
7214,433.0
7215,410.0
7216,319.0
7217,258.0
7218,265.0
7219,262.0
7220,268.0
7221,280.0
7222,289.0
7223,271.0
7224,265.0
7225,262.0
7226,266.0
7227,261.0
7228,263.0
7229,284.0
7230,314.0
7231,319.0
7232,302.0
7233,293.0
7234,320.0
7235,321.0
7236,326.0
7237,337.0
7238,352.0
7239,686.0
7240,716.0
7241,1203.0
7242,1346.0
7243,1616.0
7244,1888.0
7245,1628.0
7246,1471.0
7247,1359.0
7248,1456.0
7249,1202.0
7250,1181.0
7251,1320.0
7252,1476.0
7253,1865.0
7254,1233.0
7255,882.0
7256,752.0
7257,551.0
7258,526.0
7259,478.0
7260,412.0
7261,322.0
7262,289.0
7263,271.0
7264,274.0
7265,289.0
7266,273.0
7267,280.0
7268,278.0
7269,270.0
7270,260.0
7271,255.0
7272,262.0
7273,261.0
7274,330.0
7275,341.0
7276,304.0
7277,310.0
7278,314.0
7279,321.0
7280,298.0
7281,317.0
7282,336.0
7283,388.0
7284,736.0
7285,1277.0
7286,1739.0
7287,1660.0
7288,1510.0
7289,1558.0
7290,1371.0
7291,1289.0
7292,1264.0
7293,1254.0
7294,1276.0
7295,1146.0
7296,1123.0
7297,1594.0
7298,1362.0
7299,973.0
7300,780.0
7301,636.0
7302,583.0
7303,696.0
7304,472.0
7305,413.0
7306,352.0
7307,285.0
7308,267.0
7309,272.0
7310,269.0
7311,292.0
7312,296.0
7313,283.0
7314,271.0
7315,258.0
7316,271.0
7317,303.0
7318,295.0
7319,341.0
7320,333.0
7321,321.0
7322,302.0
7323,310.0
7324,301.0
7325,290.0
7326,308.0
7327,638.0
7328,636.0
7329,1213.0
7330,1746.0
7331,1731.0
7332,1686.0
7333,1538.0
7334,1398.0
7335,1335.0
7336,1302.0
7337,1240.0
7338,1310.0
7339,995.0
7340,1041.0
7341,1165.0
7342,1465.0
7343,1168.0
7344,880.0
7345,766.0
7346,635.0
7347,700.0
7348,715.0
7349,551.0
7350,401.0
7351,374.0
7352,302.0
7353,275.0
7354,274.0
7355,318.0
7356,316.0
7357,310.0
7358,291.0
7359,253.0
7360,256.0
7361,330.0
7362,336.0
7363,300.0
7364,336.0
7365,322.0
7366,292.0
7367,314.0
7368,308.0
7369,295.0
7370,455.0
7371,545.0
7372,425.0
7373,1746.0
7374,1595.0
7375,1774.0
7376,1612.0
7377,1434.0
7378,1423.0
7379,1334.0
7380,1271.0
7381,1313.0
7382,1275.0
7383,951.0
7384,1084.0
7385,1085.0
7386,1163.0
7387,915.0
7388,783.0
7389,791.0
7390,738.0
7391,760.0
7392,745.0
7393,603.0
7394,444.0
7395,353.0
7396,322.0
7397,311.0
7398,333.0
7399,373.0
7400,326.0
7401,335.0
7402,266.0
7403,256.0
7404,255.0
7405,284.0
7406,280.0
7407,280.0
7408,317.0
7409,299.0
7410,297.0
7411,341.0
7412,314.0
7413,320.0
7414,465.0
7415,435.0
7416,1431.0
7417,1464.0
7418,1737.0
7419,1708.0
7420,1438.0
7421,1452.0
7422,1425.0
7423,1321.0
7424,1336.0
7425,1272.0
7426,1252.0
7427,978.0
7428,969.0
7429,959.0
7430,859.0
7431,844.0
7432,811.0
7433,798.0
7434,736.0
7435,723.0
7436,666.0
7437,543.0
7438,519.0
7439,429.0
7440,379.0
7441,378.0
7442,376.0
7443,337.0
7444,312.0
7445,281.0
7446,260.0
7447,257.0
7448,268.0
7449,287.0
7450,262.0
7451,258.0
7452,302.0
7453,297.0
7454,290.0
7455,339.0
7456,312.0
7457,526.0
7458,382.0
7459,1044.0
7460,1613.0
7461,1429.0
7462,1537.0
7463,1612.0
7464,1441.0
7465,1372.0
7466,1384.0
7467,1374.0
7468,1267.0
7469,1299.0
7470,1205.0
7471,962.0
7472,918.0
7473,852.0
7474,824.0
7475,796.0
7476,733.0
7477,715.0
7478,684.0
7479,637.0
7480,643.0
7481,565.0
7482,532.0
7483,582.0
7484,513.0
7485,368.0
7486,316.0
7487,299.0
7488,273.0
7489,255.0
7490,248.0
7491,244.0
7492,251.0
7493,252.0
7494,246.0
7495,240.0
7496,303.0
7497,300.0
7498,320.0
7499,295.0
7500,481.0
7501,368.0
7502,1088.0
7503,1656.0
7504,1396.0
7505,1575.0
7506,1508.0
7507,1257.0
7508,1129.0
7509,1342.0
7510,1325.0
7511,1255.0
7512,1182.0
7513,1241.0
7514,1151.0
7515,936.0
7516,839.0
7517,783.0
7518,837.0
7519,801.0
7520,744.0
7521,621.0
7522,580.0
7523,608.0
7524,643.0
7525,638.0
7526,633.0
7527,540.0
7528,369.0
7529,304.0
7530,268.0
7531,255.0
7532,250.0
7533,251.0
7534,256.0
7535,258.0
7536,251.0
7537,252.0
7538,240.0
7539,238.0
7540,278.0
7541,310.0
7542,291.0
7543,392.0
7544,404.0
7545,955.0
7546,1378.0
7547,1387.0
7548,1432.0
7549,1356.0
7550,1145.0
7551,1065.0
7552,1169.0
7553,1213.0
7554,1171.0
7555,1069.0
7556,1129.0
7557,1116.0
7558,1069.0
7559,899.0
7560,824.0
7561,757.0
7562,746.0
7563,767.0
7564,938.0
7565,665.0
7566,590.0
7567,556.0
7568,641.0
7569,691.0
7570,558.0
7571,485.0
7572,382.0
7573,285.0
7574,269.0
7575,257.0
7576,251.0
7577,255.0
7578,274.0
7579,252.0
7580,245.0
7581,238.0
7582,254.0
7583,248.0
7584,269.0
7585,277.0
7586,347.0
7587,358.0
7588,927.0
7589,1090.0
7590,1201.0
7591,1103.0
7592,1243.0
7593,1093.0
7594,1084.0
7595,1160.0
7596,1096.0
7597,1066.0
7598,1050.0
7599,985.0
7600,989.0
7601,1021.0
7602,1042.0
7603,861.0
7604,800.0
7605,772.0
7606,768.0
7607,818.0
7608,859.0
7609,665.0
7610,562.0
7611,635.0
7612,671.0
7613,722.0
7614,552.0
7615,552.0
7616,389.0
7617,319.0
7618,289.0
7619,264.0
7620,278.0
7621,271.0
7622,245.0
7623,242.0
7624,242.0
7625,253.0
7626,245.0
7627,260.0
7628,269.0
7629,293.0
7630,345.0
7631,498.0
7632,867.0
7633,1087.0
7634,1094.0
7635,1063.0
7636,1031.0
7637,976.0
7638,995.0
7639,1019.0
7640,957.0
7641,1024.0
7642,1037.0
7643,1004.0
7644,952.0
7645,1034.0
7646,951.0
7647,878.0
7648,863.0
7649,856.0
7650,826.0
7651,833.0
7652,792.0
7653,922.0
7654,815.0
7655,673.0
7656,671.0
7657,804.0
7658,856.0
7659,806.0
7660,468.0
7661,447.0
7662,418.0
7663,281.0
7664,272.0
7665,247.0
7666,253.0
7667,242.0
7668,238.0
7669,266.0
7670,280.0
7671,276.0
7672,298.0
7673,295.0
7674,303.0
7676,805.0
7677,926.0
7678,1219.0
7679,1053.0
7680,1073.0
7681,1017.0
7682,1011.0
7683,969.0
7684,1141.0
7685,1111.0
7686,1133.0
7687,990.0
7688,978.0
7689,987.0
7690,924.0
7691,1019.0
7692,1088.0
7693,958.0
7694,912.0
7695,843.0
7696,842.0
7697,808.0
7698,883.0
7699,1089.0
7700,923.0
7701,586.0
7702,593.0
7703,659.0
7704,983.0
7705,510.0
7706,459.0
7707,457.0
7708,331.0
7709,273.0
7710,252.0
7711,249.0
7712,250.0
7713,246.0
7714,244.0
7715,295.0
7716,271.0
7717,305.0
7718,303.0
7719,331.0
7720,634.0
7721,919.0
7722,1024.0
7723,1265.0
7724,1316.0
7725,1079.0
7726,1126.0
7727,1045.0
7728,934.0
7729,1105.0
7730,925.0
7731,976.0
7732,914.0
7733,1020.0
7734,992.0
7735,1004.0
7736,1016.0
7737,1048.0
7738,1110.0
7739,1136.0
7740,877.0
7741,832.0
7742,826.0
7743,797.0
7744,962.0
7745,1108.0
7746,887.0
7747,581.0
7748,481.0
7749,536.0
7750,475.0
7751,436.0
7752,349.0
7753,301.0
7754,286.0
7755,250.0
7756,264.0
7757,256.0
7758,264.0
7759,242.0
7760,252.0
7761,258.0
7762,276.0
7763,328.0
7764,345.0
7765,322.0
7766,596.0
7767,750.0
7768,1118.0
7769,880.0
7770,1238.0
7771,1618.0
7772,1447.0
7773,1222.0
7774,1096.0
7775,890.0
7776,1132.0
7777,1112.0
7778,1228.0
7779,1077.0
7780,895.0
7781,938.0
7782,928.0
7783,993.0
7784,1027.0
7785,1040.0
7786,1030.0
7787,1056.0
7788,1058.0
7789,1140.0
7790,1077.0
7791,954.0
7792,944.0
7793,838.0
7794,891.0
7795,994.0
7796,1071.0
7797,699.0
7798,587.0
7799,454.0
7800,459.0
7801,432.0
7802,421.0
7803,453.0
7804,309.0
7805,292.0
7806,253.0
7807,280.0
7808,307.0
7809,253.0
7810,258.0
7811,248.0
7812,260.0
7813,287.0
7814,382.0
7815,364.0
7816,437.0
7817,614.0
7818,1155.0
7819,1332.0
7820,1364.0
7821,1772.0
7822,1755.0
7823,1291.0
7824,1182.0
7825,941.0
7826,885.0
7827,974.0
7828,1021.0
7829,1267.0
7830,1066.0
7831,1002.0
7832,935.0
7833,1024.0
7834,941.0
7835,1032.0
7836,1041.0
7837,1059.0
7838,1065.0
7839,1069.0
7840,1048.0
7841,1115.0
7842,999.0
7843,995.0
7844,973.0
7845,911.0
7846,909.0
7847,977.0
7848,974.0
7849,675.0
7850,495.0
7851,389.0
7852,438.0
7853,389.0
7854,458.0
7855,439.0
7856,340.0
7857,293.0
7858,290.0
7859,292.0
7860,250.0
7861,292.0
7862,274.0
7863,243.0
7864,280.0
7865,290.0
7866,259.0
7867,597.0
7868,754.0
7869,750.0
7870,1077.0
7871,1350.0
7872,1409.0
7873,1510.0
7874,1464.0
7875,1165.0
7876,1087.0
7877,944.0
7878,901.0
7879,1012.0
7880,785.0
7881,1096.0
7882,1009.0
7883,1068.0
7884,1066.0
7885,1087.0
7886,1051.0
7887,1023.0
7888,1049.0
7889,1036.0
7890,1078.0
7891,1121.0
7892,1145.0
7893,1036.0
7894,1108.0
7895,1083.0
7896,1013.0
7897,911.0
7898,885.0
7899,875.0
7900,1026.0
7901,829.0
7902,584.0
7903,474.0
7904,368.0
7905,379.0
7906,386.0
7907,403.0
7908,445.0
7909,374.0
7910,334.0
7911,294.0
7912,269.0
7913,263.0
7914,254.0
7915,226.0
7916,276.0
7917,296.0
7918,570.0
7919,824.0
7920,882.0
7921,842.0
7922,929.0
7923,866.0
7924,1078.0
7925,1337.0
7926,1348.0
7927,1050.0
7928,1020.0
7929,845.0
7930,1015.0
7931,903.0
7932,988.0
7933,841.0
7934,908.0
7935,966.0
7936,1090.0
7937,1137.0
7938,1004.0
7939,1075.0
7940,1102.0
7941,1045.0
7942,1134.0
7943,1156.0
7944,1074.0
7945,1072.0
7946,1060.0
7947,1085.0
7948,914.0
7949,889.0
7950,883.0
7951,857.0
7952,884.0
7953,779.0
7954,532.0
7955,429.0
7956,418.0
7957,483.0
7958,430.0
7959,436.0
7960,325.0
7961,313.0
7962,274.0
7963,320.0
7964,307.0
7965,303.0
7966,273.0
7967,268.0
7968,301.0
7969,539.0
7970,736.0
7971,773.0
7972,819.0
7973,620.0
7974,676.0
7975,905.0
7976,1025.0
7977,1035.0
7978,1089.0
7979,1112.0
7980,1025.0
7981,1109.0
7982,843.0
7983,949.0
7984,787.0
7985,934.0
7986,881.0
7987,958.0
7988,1150.0
7989,1123.0
7990,1094.0
7991,1091.0
7992,1090.0
7993,1065.0
7994,1162.0
7995,1117.0
7996,1025.0
7997,1104.0
7998,1038.0
7999,1058.0
8000,994.0
8001,855.0
8002,874.0
8003,821.0
8004,830.0
8005,676.0
8006,520.0
8007,497.0
8008,591.0
8009,660.0
8010,478.0
8011,440.0
8012,333.0
8013,361.0
8014,349.0
8015,304.0
8016,302.0
8017,244.0
8018,254.0
8019,300.0
8020,321.0
8021,599.0
8022,594.0
8023,688.0
8024,598.0
8025,575.0
8026,628.0
8027,748.0
8028,824.0
8029,837.0
8030,1015.0
8031,945.0
8032,911.0
8033,990.0
8034,965.0
8035,928.0
8036,827.0
8037,923.0
8038,919.0
8039,890.0
8040,1076.0
8041,1221.0
8042,1032.0
8043,1100.0
8044,1089.0
8045,1067.0
8046,1049.0
8047,1058.0
8048,999.0
8049,1082.0
8050,1078.0
8051,1088.0
8052,1034.0
8053,840.0
8054,841.0
8055,820.0
8056,797.0
8057,772.0
8058,617.0
8059,517.0
8060,538.0
8061,680.0
8062,609.0
8063,575.0
8064,375.0
8065,371.0
8066,313.0
8067,316.0
8068,294.0
8069,242.0
8070,266.0
8071,280.0
8072,321.0
8073,687.0
8074,670.0
8075,570.0
8076,471.0
8077,542.0
8078,595.0
8079,545.0
8080,695.0
8081,831.0
8082,883.0
8083,929.0
8084,925.0
8085,979.0
8086,1023.0
8087,948.0
8088,840.0
8089,865.0
8090,931.0
8091,963.0
8092,1061.0
8093,1086.0
8094,1077.0
8095,1036.0
8096,1068.0
8097,1110.0
8098,1100.0
8099,1065.0
8100,1086.0
8101,1042.0
8102,1037.0
8103,1115.0
8104,1067.0
8105,891.0
8106,845.0
8107,896.0
8108,858.0
8109,789.0
8110,682.0
8111,623.0
8112,534.0
8113,653.0
8114,697.0
8115,655.0
8116,485.0
8117,373.0
8118,357.0
8119,336.0
8120,327.0
8121,293.0
8122,287.0
8123,349.0
8124,281.0
8125,471.0
8126,847.0
8127,570.0
8128,532.0
8129,458.0
8130,531.0
8131,517.0
8132,582.0
8133,713.0
8134,819.0
8135,902.0
8136,915.0
8137,883.0
8138,906.0
8139,851.0
8140,844.0
8141,852.0
8142,909.0
8143,895.0
8144,959.0
8145,1092.0
8146,1088.0
8147,1088.0
8148,1063.0
8149,1043.0
8150,1121.0
8151,1143.0
8152,1081.0
8153,1061.0
8154,1139.0
8155,1091.0
8156,1130.0
8157,1086.0
8158,892.0
8159,866.0
8160,816.0
8161,753.0
8162,686.0
8163,616.0
8164,597.0
8165,558.0
8166,644.0
8167,542.0
8168,399.0
8169,386.0
8170,374.0
8171,315.0
8172,348.0
8173,320.0
8174,363.0
8175,406.0
8176,309.0
8177,434.0
8178,491.0
8179,781.0
8180,815.0
8181,775.0
8182,701.0
8183,569.0
8184,486.0
8185,533.0
8186,603.0
8187,703.0
8188,835.0
8189,924.0
8190,765.0
8191,819.0
8192,803.0
8193,835.0
8194,791.0
8195,867.0
8196,919.0
8197,919.0
8198,951.0
8199,974.0
8200,1127.0
8201,1058.0
8202,952.0
8203,979.0
8204,1059.0
8205,1107.0
8206,1087.0
8207,1172.0
8208,1197.0
8209,1168.0
8210,1304.0
8211,1127.0
8212,895.0
8213,849.0
8214,827.0
8215,657.0
8216,535.0
8217,590.0
8218,577.0
8219,555.0
8220,520.0
8221,422.0
8222,468.0
8223,428.0
8224,417.0
8225,434.0
8226,379.0
8227,449.0
8228,480.0
8229,384.0
8230,483.0
8231,548.0
8232,781.0
8233,764.0
8234,766.0
8235,707.0
8236,1010.0
8237,564.0
8238,542.0
8239,583.0
8240,605.0
8241,791.0
8242,849.0
8243,780.0
8244,763.0
8245,805.0
8246,819.0
8247,830.0
8248,774.0
8249,866.0
8250,902.0
8251,871.0
8252,912.0
8253,952.0
8254,1106.0
8255,835.0
8256,824.0
8257,835.0
8258,1058.0
8259,1161.0
8260,1207.0
8261,1218.0
8262,1245.0
8263,1372.0
8264,1136.0
8265,1275.0
8266,853.0
8267,962.0
8268,707.0
8269,580.0
8270,581.0
8271,572.0
8272,575.0
8273,530.0
8274,496.0
8275,558.0
8276,610.0
8277,563.0
8278,583.0
8279,632.0
8280,649.0
8281,667.0
8282,306.0
8283,716.0
8284,805.0
8285,900.0
8286,1080.0
8287,1113.0
8288,677.0
8289,518.0
8290,643.0
8291,792.0
8292,586.0
8293,602.0
8294,607.0
8295,630.0
8296,766.0
8297,810.0
8298,757.0
8299,792.0
8300,871.0
8301,815.0
8302,815.0
8303,813.0
8304,892.0
8305,879.0
8306,874.0
8307,895.0
8308,901.0
8309,898.0
8310,954.0
8311,905.0
8312,1062.0
8313,1378.0
8314,1366.0
8315,1416.0
8316,1318.0
8317,1338.0
8318,1353.0
8319,1180.0
8320,1137.0
8321,895.0
8322,1051.0
8323,712.0
8324,566.0
8325,565.0
8326,516.0
8327,557.0
8328,521.0
8329,611.0
8330,936.0
8331,991.0
8332,817.0
8333,991.0
8334,1219.0
8335,1116.0
8336,251.0
8337,355.0
8338,879.0
8339,889.0
8340,641.0
8341,639.0
8342,914.0
8343,931.0
8344,601.0
8345,610.0
8346,572.0
8347,563.0
8348,610.0
8349,639.0
8350,639.0
8351,632.0
8352,686.0
8353,789.0
8354,803.0
8355,886.0
8356,912.0
8357,912.0
8358,805.0
8359,836.0
8360,836.0
8361,843.0
8362,849.0
8363,887.0
8364,969.0
8365,893.0
8366,875.0
8367,1143.0
8368,1253.0
8369,1528.0
8370,1539.0
8371,1626.0
8372,1523.0
8373,1435.0
8374,1284.0
8375,1262.0
8376,1114.0
8377,1100.0
8378,922.0
8379,580.0
8380,501.0
8381,473.0
8382,493.0
8383,531.0
8384,1049.0
8385,1523.0
8386,1551.0
8387,1743.0
8388,1491.0
8389,1440.0
8390,1572.0
8391,289.0
8392,587.0
8393,800.0
8394,810.0
8395,685.0
8396,508.0
8397,448.0
8398,587.0
8399,604.0
8400,544.0
8401,613.0
8402,550.0
8403,581.0
8404,593.0
8405,630.0
8406,602.0
8407,635.0
8408,715.0
8409,750.0
8410,766.0
8411,817.0
8412,1005.0
8413,1010.0
8414,944.0
8415,839.0
8416,850.0
8417,936.0
8418,918.0
8419,891.0
8420,890.0
8421,940.0
8422,1089.0
8423,1371.0
8424,1397.0
8425,1761.0
8426,2040.0
8427,1833.0
8428,1855.0
8429,2094.0
8430,1513.0
8431,1290.0
8432,1163.0
8433,1152.0
8434,787.0
8435,498.0
8436,455.0
8437,454.0
8438,486.0
8439,1073.0
8440,1741.0
8441,1720.0
8442,1797.0
8443,1693.0
8444,1072.0
8445,1349.0
8446,605.0
8447,666.0
8448,599.0
8449,557.0
8450,433.0
8451,429.0
8452,458.0
8453,548.0
8454,552.0
8455,553.0
8456,575.0
8457,570.0
8458,606.0
8459,656.0
8460,624.0
8461,583.0
8462,615.0
8463,706.0
8464,760.0
8465,806.0
8466,826.0
8467,936.0
8468,1009.0
8469,1008.0
8470,985.0
8471,1030.0
8472,1088.0
8473,1017.0
8474,978.0
8475,817.0
8476,940.0
8477,1257.0
8478,1693.0
8479,2169.0
8480,2026.0
8481,2005.0
8482,1594.0
8483,2045.0
8484,2243.0
8485,1307.0
8486,1523.0
8487,998.0
8488,963.0
8489,891.0
8490,423.0
8491,445.0
8492,470.0
8493,637.0
8494,1810.0
8495,1578.0
8496,1899.0
8497,1580.0
8498,1650.0
8499,1647.0
8500,418.0
8501,715.0
8502,831.0
8503,801.0
8504,680.0
8505,416.0
8506,434.0
8507,440.0
8508,443.0
8509,452.0
8510,486.0
8511,571.0
8512,555.0
8513,497.0
8514,556.0
8515,515.0
8516,584.0
8517,561.0
8518,639.0
8519,723.0
8520,764.0
8521,800.0
8522,778.0
8523,989.0
8524,1026.0
8525,978.0
8526,1199.0
8527,1277.0
8528,1329.0
8529,1180.0
8530,828.0
8531,790.0
8532,987.0
8533,1383.0
8534,1748.0
8535,1977.0
8536,1684.0
8537,1938.0
8538,1323.0
8539,1421.0
8540,1633.0
8541,1215.0
8542,1074.0
8543,1030.0
8544,1548.0
8545,865.0
8546,458.0
8547,598.0
8548,780.0
8549,1989.0
8550,1759.0
8551,1916.0
8552,1544.0
8553,1861.0
8554,1671.0
8555,651.0
8556,797.0
8557,559.0
8558,572.0
8559,908.0
8560,645.0
8561,411.0
8562,423.0
8563,444.0
8564,466.0
8565,487.0
8566,519.0
8567,569.0
8568,620.0
8569,538.0
8570,482.0
8571,525.0
8572,601.0
8573,652.0
8574,634.0
8575,701.0
8576,747.0
8577,721.0
8578,780.0
8579,934.0
8580,957.0
8581,991.0
8582,1135.0
8583,1364.0
8584,1270.0
8585,1197.0
8586,1040.0
8587,975.0
8588,1346.0
8589,1459.0
8590,1702.0
8591,1354.0
8592,1109.0
8593,1171.0
8594,1081.0
8595,999.0
8596,1380.0
8597,924.0
8598,931.0
8599,1112.0
8600,1335.0
8601,736.0
8602,768.0
8603,1158.0
8604,1705.0
8605,1717.0
8606,1484.0
8607,1706.0
8608,1743.0
8609,1529.0
8610,735.0
8611,736.0
8612,577.0
8613,613.0
8614,532.0
8615,432.0
8616,427.0
8617,399.0
8618,426.0
8619,468.0
8620,511.0
8621,545.0
8622,505.0
8623,501.0
8624,518.0
8625,534.0
8626,476.0
8627,623.0
8628,651.0
8629,746.0
8630,772.0
8631,836.0
8632,759.0
8633,767.0
8634,850.0
8635,898.0
8636,966.0
8637,1034.0
8638,1209.0
8639,1330.0
8640,1162.0
8641,1067.0
8642,1238.0
8643,1225.0
8644,933.0
8645,1163.0
8646,1084.0
8647,1001.0
8648,993.0
8649,894.0
8650,915.0
8651,916.0
8652,1359.0
8653,912.0
8654,1074.0
8655,1191.0
8656,1100.0
8657,579.0
8658,1039.0
8659,1574.0
8660,1998.0
8661,1839.0
8662,1509.0
8663,1242.0
8664,1437.0
8665,677.0
8666,852.0
8667,798.0
8668,558.0
8669,473.0
8670,566.0
8671,474.0
8672,385.0
8673,405.0
8674,410.0
8675,442.0
8676,461.0
8677,505.0
8678,506.0
8679,452.0
8680,473.0
8681,437.0
8682,482.0
8683,477.0
8684,648.0
8685,876.0
8686,875.0
8687,921.0
8688,899.0
8689,902.0
8690,713.0
8691,731.0
8692,805.0
8693,919.0
8694,944.0
8695,1161.0
8696,1116.0
8697,1048.0
8698,1221.0
8699,1528.0
8700,1319.0
8701,1270.0
8702,806.0
8703,715.0
8704,800.0
8705,718.0
8706,503.0
8707,610.0
8708,863.0
8709,1157.0
8710,986.0
8711,1227.0
8712,959.0
8713,528.0
8714,753.0
8715,933.0
8716,1781.0
8717,1600.0
8718,1509.0
8719,1365.0
8720,1430.0
8721,968.0
8722,1243.0
8723,1427.0
8724,953.0
8725,765.0
8726,447.0
8727,453.0
8728,528.0
8729,514.0
8730,462.0
8731,452.0
8732,449.0
8733,433.0
8734,474.0
8735,497.0
8736,471.0
8737,524.0
8738,566.0
8739,461.0
8740,485.0
8741,501.0
8742,878.0
8743,1052.0
8744,864.0
8745,961.0
8746,913.0
8747,956.0
8748,852.0
8749,758.0
8750,965.0
8751,897.0
8752,825.0
8753,1035.0
8754,1155.0
8755,1189.0
8756,1482.0
8757,1150.0
8758,1261.0
8759,981.0
8760,743.0
8761,713.0
8762,779.0
8763,657.0
8764,600.0
8765,465.0
8766,1073.0
8767,2245.0
8768,1959.0
8769,1255.0
8770,576.0
8771,437.0
8772,627.0
8773,1512.0
8774,1653.0
8775,1410.0
8776,1414.0
8777,1521.0
8778,1249.0
8779,1952.0
8780,1747.0
8781,924.0
8782,834.0
8783,683.0
8784,542.0
8785,565.0
8786,627.0
8787,725.0
8788,778.0
8789,596.0
8790,540.0
8791,480.0
8792,655.0
8793,526.0
8794,557.0
8795,553.0
8796,579.0
8797,495.0
8798,566.0
8799,543.0
8800,927.0
8801,1035.0
8802,1049.0
8803,1229.0
8804,972.0
8805,1116.0
8806,882.0
8807,933.0
8808,763.0
8809,823.0
8810,923.0
8811,964.0
8812,963.0
8813,1297.0
8814,1162.0
8815,1421.0
8816,969.0
8817,756.0
8818,769.0
8819,785.0
8820,770.0
8821,853.0
8822,913.0
8823,1210.0
8824,1656.0
8825,2015.0
8826,1783.0
8827,488.0
8828,356.0
8829,431.0
8830,984.0
8831,1566.0
8832,1852.0
8833,1775.0
8834,1468.0
8835,1704.0
8836,1915.0
8837,775.0
8838,708.0
8839,672.0
8840,609.0
8841,615.0
8842,655.0
8843,674.0
8844,741.0
8845,789.0
8846,682.0
8847,674.0
8848,869.0
8849,708.0
8850,653.0
8851,780.0
8852,696.0
8853,701.0
8854,709.0
8855,678.0
8856,693.0
8857,883.0
8858,1043.0
8859,985.0
8860,1074.0
8861,1211.0
8862,1259.0
8863,1158.0
8864,1066.0
8865,926.0
8866,841.0
8867,798.0
8868,814.0
8869,978.0
8870,1444.0
8871,1644.0
8872,1083.0
8873,834.0
8874,826.0
8875,860.0
8876,853.0
8877,798.0
8878,920.0
8879,1249.0
8880,1830.0
8881,2146.0
8882,1946.0
8883,983.0
8884,660.0
8885,458.0
8886,661.0
8887,971.0
8888,1115.0
8889,1407.0
8890,1585.0
8891,833.0
8892,1335.0
8893,1544.0
8894,1123.0
8895,877.0
8896,610.0
8897,623.0
8898,589.0
8899,648.0
8900,647.0
8901,700.0
8902,691.0
8903,821.0
8904,954.0
8905,980.0
8906,847.0
8907,737.0
8908,872.0
8909,808.0
8910,785.0
8911,913.0
8912,890.0
8913,776.0
8914,930.0
8915,875.0
8916,1125.0
8917,1113.0
8918,1146.0
8919,1156.0
8920,1234.0
8921,1282.0
8922,1252.0
8923,1261.0
8924,1130.0
8925,1023.0
8926,1130.0
8927,1577.0
8928,1296.0
8929,998.0
8930,843.0
8931,836.0
8932,821.0
8933,954.0
8934,1080.0
8935,958.0
8936,1261.0
8937,1602.0
8938,1662.0
8939,1458.0
8940,1429.0
8941,673.0
8942,555.0
8943,1014.0
8944,792.0
8945,898.0
8946,794.0
8947,1090.0
8948,2015.0
8949,1033.0
8950,700.0
8951,586.0
8952,645.0
8953,710.0
8954,745.0
8955,653.0
8956,686.0
8957,834.0
8958,912.0
8959,1046.0
8960,1145.0
8961,1127.0
8962,845.0
8963,850.0
8964,797.0
8965,862.0
8966,966.0
8967,779.0
8968,857.0
8969,863.0
8970,977.0
8971,1233.0
8972,1031.0
8973,1179.0
8974,1024.0
8975,1047.0
8976,1204.0
8977,1207.0
8978,1369.0
8979,1217.0
8980,1282.0
8981,1562.0
8982,1897.0
8983,1126.0
8984,1137.0
8985,986.0
8986,909.0
8987,975.0
8988,1288.0
8989,1729.0
8990,1873.0
8991,1697.0
8992,1998.0
8993,1840.0
8994,1365.0
8995,735.0
8996,768.0
8997,694.0
8998,784.0
8999,687.0
9000,724.0
9001,1872.0
9002,926.0
9003,925.0
9004,722.0
9005,695.0
9006,706.0
9007,722.0
9008,754.0
9009,789.0
9010,859.0
9011,966.0
9012,1250.0
9013,1120.0
9014,1164.0
9015,889.0
9016,986.0
9017,648.0
9018,809.0
9019,958.0
9020,903.0
9021,853.0
9022,939.0
9023,1051.0
9024,1299.0
9025,965.0
9026,1324.0
9027,1130.0
9028,1245.0
9029,1042.0
9030,1038.0
9031,1031.0
9032,1281.0
9033,1698.0
9034,2064.0
9035,1664.0
9036,1316.0
9037,1038.0
9038,868.0
9039,896.0
9040,1486.0
9041,1982.0
9042,1977.0
9043,1719.0
9044,1173.0
9045,1698.0
9046,2007.0
9047,946.0
9048,525.0
9049,618.0
9050,707.0
9051,592.0
9052,585.0
9053,622.0
9054,1723.0
9055,997.0
9056,1196.0
9057,667.0
9058,761.0
9059,860.0
9060,975.0
9061,1005.0
9062,902.0
9063,958.0
9064,1000.0
9065,1060.0
9066,1055.0
9067,1261.0
9068,1026.0
9069,987.0
9070,718.0
9071,746.0
9072,1130.0
9073,985.0
9074,1129.0
9075,962.0
9076,1066.0
9077,1104.0
9078,904.0
9079,1283.0
9080,1319.0
9081,1043.0
9082,1089.0
9083,1552.0
9084,1579.0
9085,1596.0
9086,1409.0
9087,1450.0
9088,1448.0
9089,1396.0
9090,952.0
9091,917.0
9092,1113.0
9093,1260.0
9094,1319.0
9095,2017.0
9096,1735.0
9097,1201.0
9098,1075.0
9099,729.0
9100,489.0
9101,402.0
9102,501.0
9103,454.0
9104,482.0
9105,926.0
9106,1697.0
9107,1697.0
9108,1521.0
9109,1184.0
9110,1378.0
9111,1520.0
9112,1596.0
9113,1413.0
9114,1029.0
9115,941.0
9116,963.0
9117,1196.0
9118,1300.0
9119,1674.0
9120,1467.0
9121,1123.0
9122,726.0
9123,805.0
9124,1124.0
9125,1182.0
9126,1304.0
9127,1419.0
9128,1334.0
9129,881.0
9130,1075.0
9131,1322.0
9132,1214.0
9133,1261.0
9134,1118.0
9135,1154.0
9136,1480.0
9137,1507.0
9138,1401.0
9139,1579.0
9140,1690.0
9141,1633.0
9142,1526.0
9143,1616.0
9144,1166.0
9145,1069.0
9146,1324.0
9147,2007.0
9148,1184.0
9149,787.0
9150,620.0
9151,446.0
9152,396.0
9153,402.0
9154,435.0
9155,426.0
9157,1318.0
9158,1763.0
9159,1740.0
9160,1740.0
9161,1723.0
9162,1725.0
9163,1337.0
9164,1611.0
9165,1261.0
9166,1110.0
9167,1052.0
9168,1510.0
9169,1787.0
9170,1009.0
9171,710.0
9172,732.0
9173,721.0
9174,936.0
9175,1506.0
9176,1785.0
9177,1612.0
9178,1409.0
9179,900.0
9180,829.0
9181,1190.0
9182,1382.0
9183,1256.0
9184,1320.0
9185,1598.0
9186,1425.0
9187,1347.0
9188,1136.0
9189,1197.0
9190,1458.0
9191,1252.0
9192,1661.0
9193,1530.0
9194,1542.0
9195,1302.0
9196,1516.0
9197,1250.0
9198,1088.0
9199,646.0
9200,495.0
9201,405.0
9202,393.0
9203,402.0
9204,393.0
9205,443.0
9206,1079.0
9207,1781.0
9208,1767.0
9209,1976.0
9210,1808.0
9211,1774.0
9212,1849.0
9213,1731.0
9214,1580.0
9215,1507.0
9216,1668.0
9217,1666.0
9218,948.0
9219,758.0
9220,647.0
9221,657.0
9222,701.0
9223,1014.0
9224,1494.0
9225,1352.0
9226,1588.0
9227,1045.0
9228,801.0
9229,1177.0
9230,1633.0
9231,1259.0
9232,1293.0
9233,1198.0
9234,1349.0
9235,1095.0
9236,1052.0
9237,897.0
9238,1077.0
9239,985.0
9240,903.0
9241,1343.0
9242,1333.0
9243,1103.0
9244,1639.0
9245,1698.0
9246,1162.0
9247,642.0
9248,517.0
9249,468.0
9250,416.0
9251,397.0
9252,349.0
9253,391.0
9254,1175.0
9255,1578.0
9256,2216.0
9257,2326.0
9258,2472.0
9259,2285.0
9260,1621.0
9261,1695.0
9262,1590.0
9263,1409.0
9264,1004.0
9265,766.0
9266,604.0
9267,604.0
9268,640.0
9269,714.0
9270,835.0
9271,958.0
9272,1091.0
9273,1088.0
9274,1136.0
9275,1179.0
9276,1981.0
9277,1597.0
9278,1081.0
9279,987.0
9280,997.0
9281,1036.0
9282,1073.0
9283,772.0
9284,764.0
9285,738.0
9286,794.0
9287,779.0
9288,870.0
9289,782.0
9290,809.0
9291,727.0
9292,968.0
9293,825.0
9294,757.0
9295,584.0
9296,528.0
9297,456.0
9298,371.0
9299,339.0
9300,1303.0
9301,1575.0
9302,1673.0
9303,1928.0
9304,1698.0
9305,1344.0
9306,1266.0
9307,929.0
9308,1030.0
9309,855.0
9310,639.0
9311,681.0
9312,733.0
9313,831.0
9314,754.0
9315,960.0
9316,1183.0
9317,1076.0
9318,1217.0
9319,1390.0
9320,1702.0
9321,1494.0
9322,1133.0
9323,959.0
9324,994.0
9325,926.0
9326,710.0
9327,824.0
9328,778.0
9329,782.0
9330,914.0
9331,784.0
9332,743.0
9333,605.0
9334,566.0
9335,437.0
9336,397.0
9337,455.0
9338,412.0
9339,362.0
9340,453.0
9341,489.0
9342,398.0
9343,437.0
9344,552.0
9345,639.0
9346,838.0
9347,1301.0
9348,1257.0
9349,1503.0
9350,1362.0
9351,1777.0
9352,1820.0
9353,1660.0
9354,1521.0
9355,1424.0
9356,1318.0
9357,895.0
9358,562.0
9359,575.0
9360,441.0
9361,340.0
9362,381.0
9363,371.0
9364,423.0
9365,376.0
9366,375.0
9367,499.0
9368,375.0
9369,361.0
9370,402.0
9371,378.0
9372,435.0
9373,516.0
9374,505.0
9375,482.0
9376,498.0
9377,546.0
9378,784.0
9379,682.0
9380,802.0
9381,2323.0
9382,2174.0
9383,2090.0
9384,1966.0
9385,1790.0
9386,2028.0
9387,1723.0
9388,1678.0
9389,1455.0
9390,2047.0
9391,1238.0
9392,1289.0
9393,2113.0
9394,2075.0
9395,1918.0
9396,1856.0
9397,1262.0
9398,1734.0
9399,1854.0
9400,1587.0
9401,1199.0
9402,1251.0
9403,1236.0
9404,1188.0
9405,1047.0
9406,1048.0
9407,1027.0
9408,1079.0
9409,887.0
9410,741.0
9411,798.0
9412,442.0
9413,380.0
9414,470.0
9415,504.0
9416,356.0
9417,321.0
9418,372.0
9419,528.0
9420,551.0
9421,695.0
9422,851.0
9423,1178.0
9424,1253.0
9425,861.0
9426,1175.0
9427,1344.0
9428,1387.0
9429,1388.0
9430,1064.0
9431,1099.0
9432,1066.0
9433,836.0
9434,726.0
9435,726.0
9436,482.0
9437,414.0
9438,484.0
9439,529.0
9440,436.0
9441,469.0
9442,300.0
9443,358.0
9444,458.0
9445,357.0
9446,343.0
9447,351.0
9448,319.0
9449,601.0
9450,621.0
9451,468.0
9452,536.0
9453,574.0
9454,334.0
9455,2329.0
9456,1764.0
9457,1678.0
9458,1479.0
9459,1579.0
9460,1772.0
9461,1545.0
9462,1576.0
9463,1351.0
9464,1603.0
9465,1294.0
9466,1232.0
9467,2033.0
9468,2002.0
9469,1574.0
9470,1729.0
9471,1677.0
9472,1646.0
9473,1525.0
9474,1359.0
9475,1262.0
9476,1193.0
9477,1101.0
9478,1119.0
9479,1036.0
9480,1068.0
9481,1124.0
9482,806.0
9483,970.0
9484,758.0
9485,771.0
9486,419.0
9487,387.0
9488,486.0
9489,512.0
9490,366.0
9491,312.0
9492,365.0
9493,394.0
9494,419.0
9495,507.0
9496,783.0
9497,1417.0
9498,648.0
9499,547.0
9500,478.0
9501,496.0
9502,637.0
9503,686.0
9504,762.0
9505,787.0
9506,532.0
9507,417.0
9508,546.0
9509,436.0
9510,275.0
9511,284.0
9512,302.0
9513,372.0
9514,601.0
9515,571.0
9516,492.0
9517,618.0
9518,2045.0
9519,1702.0
9520,1225.0
9521,1429.0
9522,1961.0
9523,1760.0
9524,1562.0
9525,1113.0
9526,1286.0
9527,1225.0
9528,1053.0
9529,1596.0
9530,1736.0
9531,1602.0
9532,1753.0
9533,1349.0
9534,1452.0
9535,1486.0
9536,1293.0
9537,1099.0
9538,1079.0
9539,1085.0
9540,1039.0
9541,941.0
9542,1039.0
9543,1060.0
9544,978.0
9545,792.0
9546,810.0
9547,445.0
9548,369.0
9549,467.0
9550,385.0
9551,367.0
9552,325.0
9553,329.0
9554,388.0
9555,400.0
9556,510.0
9557,908.0
9558,995.0
9559,458.0
9560,506.0
9561,460.0
9562,463.0
9563,383.0
9564,414.0
9565,306.0
9566,250.0
9567,247.0
9568,423.0
9569,325.0
9570,420.0
9571,591.0
9572,669.0
9573,697.0
9574,670.0
9575,664.0
9576,782.0
9577,1069.0
9578,2016.0
9579,1988.0
9580,1572.0
9581,1275.0
9582,1117.0
9583,1367.0
9584,1995.0
9585,1528.0
9586,1193.0
9587,1076.0
9588,1148.0
9589,1597.0
9590,1589.0
9591,1601.0
9592,1415.0
9593,1314.0
9594,1131.0
9595,1069.0
9596,956.0
9597,936.0
9598,898.0
9599,930.0
9600,977.0
9601,994.0
9602,963.0
9603,938.0
9604,435.0
9605,350.0
9606,360.0
9607,321.0
9608,308.0
9609,314.0
9610,409.0
9611,409.0
9612,422.0
9613,547.0
9614,761.0
9615,616.0
9616,501.0
9617,584.0
9618,482.0
9619,518.0
9620,301.0
9621,197.0
9622,239.0
9623,317.0
9624,345.0
9625,276.0
9626,360.0
9627,340.0
9628,637.0
9629,568.0
9630,625.0
9631,628.0
9632,601.0
9633,404.0
9634,380.0
9635,547.0
9636,905.0
9637,1194.0
9638,1400.0
9639,1290.0
9640,1702.0
9641,1521.0
9642,1032.0
9643,934.0
9644,865.0
9645,1014.0
9646,1957.0
9647,1794.0
9648,1202.0
9649,1138.0
9650,1223.0
9651,1226.0
9652,1145.0
9653,1124.0
9654,950.0
9655,947.0
9656,891.0
9657,809.0
9658,853.0
9659,799.0
9660,865.0
9661,871.0
9662,930.0
9663,821.0
9664,820.0
9665,693.0
9666,427.0
9667,413.0
9668,321.0
9669,325.0
9670,298.0
9671,343.0
9672,379.0
9673,364.0
9674,401.0
9675,547.0
9676,633.0
9677,267.0
9678,417.0
9679,346.0
9680,262.0
9681,223.0
9682,205.0
9683,209.0
9684,259.0
9685,340.0
9686,263.0
9687,382.0
9688,714.0
9689,780.0
9690,616.0
9691,573.0
9692,643.0
9693,622.0
9694,448.0
9695,475.0
9696,485.0
9697,401.0
9698,331.0
9699,368.0
9700,412.0
9701,484.0
9702,579.0
9703,1112.0
9704,1369.0
9705,1735.0
9706,1074.0
9707,1931.0
9708,1149.0
9709,769.0
9710,774.0
9711,941.0
9712,1561.0
9713,2002.0
9714,1199.0
9715,717.0
9716,1047.0
9717,1096.0
9718,1183.0
9719,1079.0
9720,1033.0
9721,988.0
9722,903.0
9723,940.0
9724,811.0
9725,910.0
9726,793.0
9727,781.0
9728,866.0
9729,1074.0
9730,978.0
9731,907.0
9732,827.0
9733,359.0
9734,365.0
9735,292.0
9736,286.0
9737,303.0
9738,330.0
9739,346.0
9740,370.0
9741,495.0
9742,620.0
9743,251.0
9744,664.0
9745,741.0
9746,783.0
9747,622.0
9748,393.0
9749,339.0
9750,461.0
9751,712.0
9752,695.0
9753,751.0
9754,833.0
9755,572.0
9756,386.0
9757,445.0
9758,401.0
9759,369.0
9760,432.0
9761,456.0
9762,348.0
9763,334.0
9764,289.0
9765,321.0
9766,415.0
9767,451.0
9768,424.0
9769,498.0
9770,751.0
9771,1033.0
9772,1634.0
9773,1595.0
9774,1756.0
9775,1391.0
9776,2072.0
9777,1228.0
9778,1030.0
9779,998.0
9780,1200.0
9781,1762.0
9782,1588.0
9783,1007.0
9784,966.0
9785,996.0
9786,1077.0
9787,973.0
9788,947.0
9789,857.0
9790,854.0
9791,981.0
9792,845.0
9793,722.0
9794,774.0
9795,759.0
9796,950.0
9797,1071.0
9798,980.0
9799,760.0
9800,261.0
9801,352.0
9802,282.0
9803,283.0
9804,282.0
9805,343.0
9806,367.0
9807,410.0
9808,636.0
9809,374.0
9810,469.0
9811,938.0
9812,1038.0
9813,975.0
9814,994.0
9815,761.0
9816,840.0
9817,884.0
9818,526.0
9819,602.0
9820,380.0
9821,394.0
9822,349.0
9823,356.0
9824,369.0
9825,330.0
9826,343.0
9827,417.0
9828,397.0
9829,343.0
9830,276.0
9831,272.0
9832,343.0
9833,347.0
9834,425.0
9835,355.0
9836,395.0
9837,435.0
9838,726.0
9839,1073.0
9840,1509.0
9841,2019.0
9842,2098.0
9843,1674.0
9844,1389.0
9845,935.0
9846,1213.0
9847,1735.0
9848,1714.0
9849,850.0
9850,936.0
9851,898.0
9852,878.0
9853,898.0
9854,953.0
9855,932.0
9856,864.0
9857,839.0
9858,921.0
9859,839.0
9860,745.0
9861,762.0
9862,743.0
9863,759.0
9864,1020.0
9865,1006.0
9866,683.0
9867,360.0
9868,313.0
9869,279.0
9870,305.0
9871,418.0
9872,403.0
9873,470.0
9874,521.0
9875,256.0
9876,772.0
9877,914.0
9878,594.0
9879,752.0
9880,595.0
9881,473.0
9882,522.0
9883,409.0
9884,353.0
9885,327.0
9886,313.0
9887,326.0
9888,270.0
9889,298.0
9890,316.0
9891,339.0
9892,347.0
9893,343.0
9894,382.0
9895,346.0
9896,262.0
9897,308.0
9898,335.0
9899,346.0
9900,338.0
9901,434.0
9902,362.0
9903,472.0
9904,706.0
9905,786.0
9906,960.0
9907,1457.0
9908,1569.0
9909,1232.0
9910,1207.0
9911,1249.0
9912,1761.0
9913,1822.0
9914,1158.0
9915,1838.0
9916,899.0
9917,903.0
9918,967.0
9919,820.0
9920,814.0
9921,941.0
9922,987.0
9923,915.0
9924,917.0
9925,826.0
9926,794.0
9927,799.0
9928,719.0
9929,755.0
9930,750.0
9931,921.0
9932,927.0
9933,804.0
9934,894.0
9935,368.0
9936,326.0
9937,298.0
9938,369.0
9939,400.0
9940,359.0
9941,756.0
9942,743.0
9943,455.0
9944,773.0
9945,444.0
9946,313.0
9947,373.0
9948,360.0
9949,289.0
9950,312.0
9951,348.0
9952,315.0
9953,301.0
9954,330.0
9955,314.0
9956,331.0
9957,336.0
9958,378.0
9959,383.0
9960,335.0
9961,387.0
9962,395.0
9963,301.0
9964,260.0
9965,292.0
9966,317.0
9967,333.0
9968,423.0
9969,389.0
9970,411.0
9971,503.0
9972,631.0
9973,791.0
9974,873.0
9975,1429.0
9976,1165.0
9977,1120.0
9978,1488.0
9979,1655.0
9980,1659.0
9981,1185.0
9982,1301.0
9983,883.0
9984,845.0
9985,859.0
9986,874.0
9987,1031.0
9988,844.0
9989,828.0
9990,853.0
9991,846.0
9992,833.0
9993,788.0
9994,772.0
9995,768.0
9996,782.0
9997,821.0
9998,904.0
9999,908.0
10000,842.0
10001,244.0
10002,287.0
10003,363.0
10004,404.0
10005,364.0
10006,337.0
10007,797.0
10008,237.0
10009,685.0
10010,512.0
10011,262.0
10012,250.0
10013,248.0
10014,244.0
10015,264.0
10016,276.0
10017,305.0
10018,289.0
10019,310.0
10020,345.0
10021,372.0
10022,374.0
10023,366.0
10024,379.0
10025,399.0
10026,394.0
10027,424.0
10028,319.0
10029,285.0
10030,293.0
10031,290.0
10032,396.0
10033,436.0
10034,367.0
10035,410.0
10036,439.0
10037,588.0
10038,708.0
10039,852.0
10040,1154.0
10041,1215.0
10042,1415.0
10043,1502.0
10044,2115.0
10045,1332.0
10046,998.0
10047,962.0
10048,845.0
10049,875.0
10050,888.0
10051,824.0
10052,832.0
10053,866.0
10054,903.0
10055,796.0
10056,777.0
10057,730.0
10058,742.0
10059,801.0
10060,799.0
10061,924.0
10062,833.0
10063,870.0
10064,277.0
10065,395.0
10066,430.0
10067,373.0
10068,369.0
10069,732.0
10070,367.0
10071,730.0
10072,489.0
10073,327.0
10074,253.0
10075,238.0
10076,239.0
10077,246.0
10078,255.0
10079,288.0
10080,294.0
10081,324.0
10082,379.0
10083,449.0
10084,377.0
10085,402.0
10086,346.0
10087,353.0
10088,332.0
10089,321.0
10090,303.0
10091,304.0
10092,292.0
10093,311.0
10094,391.0
10095,354.0
10096,363.0
10097,401.0
10098,435.0
10099,596.0
10100,1058.0
10101,1349.0
10102,1380.0
10103,1439.0
10104,1494.0
10105,1979.0
10106,1421.0
10107,1179.0
10108,1447.0
10109,963.0
10110,975.0
10111,810.0
10112,779.0
10113,820.0
10114,808.0
10115,799.0
10116,816.0
10117,873.0
10118,807.0
10119,793.0
10120,735.0
10121,735.0
10122,744.0
10123,821.0
10124,831.0
10125,817.0
10126,874.0
10127,319.0
10128,419.0
10129,416.0
10130,412.0
10131,474.0
10132,635.0
10133,707.0
10134,668.0
10135,405.0
10136,351.0
10137,244.0
10138,238.0
10139,240.0
10140,238.0
10141,247.0
10142,266.0
10143,298.0
10144,349.0
10145,368.0
10146,399.0
10147,331.0
10148,387.0
10149,335.0
10150,317.0
10151,318.0
10152,312.0
10153,287.0
10154,295.0
10155,287.0
10156,316.0
10157,359.0
10158,368.0
10159,399.0
10160,437.0
10161,520.0
10162,815.0
10163,1074.0
10164,1174.0
10165,1370.0
10166,1468.0
10167,1697.0
10168,1766.0
10169,675.0
10170,1286.0
10171,1392.0
10172,1159.0
10173,999.0
10174,910.0
10175,833.0
10176,779.0
10177,837.0
10178,848.0
10179,835.0
10180,878.0
10181,842.0
10182,855.0
10183,742.0
10184,766.0
10185,716.0
10186,757.0
10187,814.0
10188,810.0
10189,763.0
10190,408.0
10191,446.0
10192,450.0
10193,779.0
10194,450.0
10195,755.0
10196,653.0
10197,427.0
10198,378.0
10199,244.0
10200,240.0
10201,233.0
10202,239.0
10203,242.0
10204,265.0
10205,277.0
10206,385.0
10207,400.0
10208,406.0
10209,440.0
10210,338.0
10211,326.0
10212,288.0
10213,315.0
10214,299.0
10215,298.0
10216,301.0
10217,356.0
10218,418.0
10219,424.0
10220,360.0
10221,439.0
10222,512.0
10223,760.0
10224,1208.0
10225,1468.0
10226,1463.0
10227,1299.0
10228,1522.0
10229,1596.0
10230,1189.0
10231,1137.0
10232,1290.0
10233,979.0
10234,1022.0
10235,962.0
10236,852.0
10237,862.0
10238,868.0
10239,847.0
10240,875.0
10241,844.0
10242,833.0
10243,866.0
10244,815.0
10245,791.0
10246,770.0
10247,768.0
10248,768.0
10249,876.0
10250,744.0
10251,400.0
10252,492.0
10253,762.0
10254,295.0
10255,818.0
10256,504.0
10257,391.0
10258,287.0
10259,246.0
10260,236.0
10261,235.0
10262,238.0
10263,239.0
10264,258.0
10265,316.0
10266,315.0
10267,377.0
10268,353.0
10269,328.0
10270,313.0
10271,297.0
10272,299.0
10273,312.0
10274,309.0
10275,315.0
10276,367.0
10277,471.0
10278,496.0
10279,529.0
10280,594.0
10281,708.0
10282,734.0
10283,1308.0
10284,1385.0
10285,1123.0
10286,1426.0
10287,1392.0
10288,1771.0
10289,1399.0
10290,1623.0
10291,1057.0
10292,1222.0
10293,1426.0
10294,1098.0
10295,871.0
10296,851.0
10297,823.0
10298,807.0
10299,773.0
10300,720.0
10301,832.0
10302,828.0
10303,783.0
10304,898.0
10305,935.0
10306,844.0
10307,860.0
10308,822.0
10309,778.0
10310,771.0
10311,747.0
10312,325.0
10313,316.0
10314,621.0
10315,240.0
10316,686.0
10317,405.0
10318,350.0
10319,259.0
10320,240.0
10321,243.0
10322,244.0
10323,249.0
10324,257.0
10325,282.0
10326,298.0
10327,312.0
10328,318.0
10329,295.0
10330,313.0
10331,310.0
10332,314.0
10333,323.0
10334,338.0
10335,338.0
10336,346.0
10337,459.0
10338,434.0
10339,527.0
10340,664.0
10341,857.0
10342,987.0
10343,1427.0
10344,1493.0
10345,1075.0
10346,1200.0
10347,1372.0
10348,1409.0
10349,1650.0
10350,1673.0
10351,1251.0
10352,1500.0
10353,1395.0
10354,1182.0
10355,922.0
10356,773.0
10357,802.0
10358,727.0
10359,730.0
10360,785.0
10361,802.0
10362,850.0
10363,830.0
10364,818.0
10365,924.0
10366,838.0
10367,782.0
10368,805.0
10369,813.0
10370,789.0
10371,743.0
10372,492.0
10373,577.0
10374,430.0
10375,360.0
10376,262.0
10377,243.0
10378,248.0
10379,248.0
10380,257.0
10381,273.0
10382,281.0
10383,295.0
10384,301.0
10385,301.0
10386,300.0
10387,325.0
10388,333.0
10389,374.0
10390,371.0
10391,335.0
10392,490.0
10393,472.0
10394,591.0
10395,943.0
10396,964.0
10397,1129.0
10398,1258.0
10399,1377.0
10400,1144.0
10401,1052.0
10402,1015.0
10403,1280.0
10404,1535.0
10405,1771.0
10406,1641.0
10407,1389.0
10408,1884.0
10409,1292.0
10410,1030.0
10411,818.0
10412,816.0
10413,771.0
10414,755.0
10415,722.0
10416,745.0
10417,793.0
10418,751.0
10419,798.0
10420,808.0
10421,817.0
10422,861.0
10423,826.0
10424,830.0
10425,805.0
10426,769.0
10427,766.0
10428,416.0
10429,431.0
10430,351.0
10431,293.0
10432,259.0
10433,247.0
10434,251.0
10435,258.0
10436,261.0
10437,273.0
10438,280.0
10439,285.0
10440,340.0
10441,318.0
10442,320.0
10443,325.0
10444,342.0
10445,371.0
10446,390.0
10447,444.0
10448,544.0
10449,614.0
10450,897.0
10451,954.0
10452,1031.0
10453,1135.0
10454,990.0
10455,945.0
10456,1032.0
10457,1188.0
10458,1344.0
10459,1589.0
10460,1594.0
10461,1488.0
10462,1427.0
10463,1751.0
10464,889.0
10465,744.0
10466,720.0
10467,685.0
10468,682.0
10469,830.0
10470,693.0
10471,728.0
10472,732.0
10473,804.0
10474,754.0
10475,789.0
10476,831.0
10477,818.0
10478,755.0
10479,792.0
10480,816.0
10481,840.0
10482,781.0
10483,657.0
10484,346.0
10485,274.0
10486,269.0
10487,253.0
10488,258.0
10489,263.0
10490,271.0
10491,286.0
10492,299.0
10493,305.0
10494,311.0
10495,350.0
10496,290.0
10497,328.0
10498,524.0
10499,579.0
10500,806.0
10501,1064.0
10502,1052.0
10503,1051.0
10504,971.0
10505,943.0
10506,1012.0
10507,1230.0
10508,1197.0
10509,1791.0
10510,1583.0
10511,1485.0
10512,1848.0
10513,1635.0
10514,1761.0
10515,951.0
10516,622.0
10517,633.0
10518,617.0
10519,657.0
10520,699.0
10521,762.0
10522,727.0
10523,722.0
10524,744.0
10525,832.0
10526,782.0
10527,782.0
10528,779.0
10529,740.0
10530,828.0
10531,808.0
10532,748.0
10533,716.0
10534,569.0
10535,550.0
10536,273.0
10537,271.0
10538,272.0
10539,255.0
10540,250.0
10541,265.0
10542,278.0
10543,282.0
10544,300.0
10545,303.0
10546,273.0
10548,450.0
10549,520.0
10550,688.0
10551,1024.0
10552,1132.0
10553,1139.0
10554,1142.0
10555,978.0
10556,879.0
10557,834.0
10558,982.0
10559,1087.0
10560,1396.0
10561,1275.0
10562,1040.0
10563,1095.0
10564,1751.0
10565,1661.0
10566,1732.0
10567,1071.0
10568,752.0
10569,581.0
10570,549.0
10571,544.0
10572,703.0
10573,720.0
10574,750.0
10575,718.0
10576,708.0
10577,827.0
10578,779.0
10579,822.0
10580,776.0
10581,770.0
10582,778.0
10583,772.0
10584,741.0
10585,688.0
10586,697.0
10587,371.0
10588,266.0
10589,280.0
10590,271.0
10591,266.0
10592,259.0
10593,277.0
10594,293.0
10595,296.0
10596,703.0
10597,835.0
10598,814.0
10599,1039.0
10600,955.0
10601,1067.0
10602,1052.0
10603,979.0
10604,862.0
10605,829.0
10606,853.0
10607,1192.0
10608,1887.0
10609,1757.0
10610,1672.0
10611,985.0
10612,1123.0
10613,1881.0
10614,1294.0
10615,692.0
10616,450.0
10617,533.0
10618,704.0
10619,710.0
10620,656.0
10621,692.0
10622,693.0
10623,629.0
10624,753.0
10625,903.0
10626,825.0
10627,800.0
10628,803.0
10629,772.0
10630,776.0
10631,756.0
10632,745.0
10633,704.0
10634,692.0
10635,767.0
10636,310.0
10637,274.0
10638,271.0
10639,279.0
10640,287.0
10641,286.0
10642,285.0
10643,285.0
10644,506.0
10645,809.0
10646,896.0
10647,790.0
10648,873.0
10649,1089.0
10650,1092.0
10651,893.0
10652,818.0
10653,825.0
10654,776.0
10655,848.0
10656,1168.0
10657,2020.0
10658,844.0
10659,616.0
10660,581.0
10661,683.0
10662,889.0
10663,431.0
10664,344.0
10665,338.0
10666,315.0
10667,342.0
10668,740.0
10669,683.0
10670,533.0
10671,608.0
10672,631.0
10673,641.0
10674,709.0
10675,889.0
10676,784.0
10677,888.0
10678,823.0
10679,803.0
10680,777.0
10681,711.0
10682,675.0
10683,669.0
10684,477.0
10685,265.0
10686,279.0
10687,267.0
10688,266.0
10689,272.0
10690,274.0
10691,289.0
10692,301.0
10693,352.0
10694,775.0
10695,793.0
10696,713.0
10697,662.0
10698,768.0
10699,741.0
10700,545.0
10701,554.0
10702,850.0
10703,508.0
10704,512.0
10705,1118.0
10706,2022.0
10707,638.0
10708,501.0
10709,385.0
10710,331.0
10711,467.0
10712,316.0
10713,309.0
10714,295.0
10715,310.0
10716,366.0
10717,366.0
10718,654.0
10719,521.0
10720,563.0
10721,611.0
10722,642.0
10723,643.0
10724,887.0
10725,822.0
10726,850.0
10727,904.0
10728,898.0
10729,803.0
10730,745.0
10731,710.0
10732,659.0
10733,346.0
10734,262.0
10735,254.0
10736,258.0
10737,266.0
10738,264.0
10739,269.0
10740,309.0
10741,303.0
10742,641.0
10743,721.0
10744,716.0
10745,657.0
10746,712.0
10747,582.0
10748,572.0
10749,537.0
10750,566.0
10751,450.0
10752,505.0
10753,1208.0
10754,2039.0
10755,577.0
10756,404.0
10757,349.0
10758,317.0
10759,299.0
10760,294.0
10761,282.0
10762,365.0
10763,398.0
10764,454.0
10765,286.0
10766,513.0
10767,495.0
10768,547.0
10769,623.0
10770,613.0
10771,648.0
10772,667.0
10773,895.0
10774,906.0
10775,924.0
10776,843.0
10777,824.0
10778,758.0
10779,716.0
10780,675.0
10781,243.0
10782,255.0
10783,250.0
10784,253.0
10785,265.0
10786,269.0
10787,438.0
10788,466.0
10789,428.0
10790,732.0
10791,804.0
10792,615.0
10793,527.0
10794,581.0
10795,652.0
10796,610.0
10797,416.0
10798,493.0
10799,359.0
10800,679.0
10801,1383.0
10802,903.0
10803,342.0
10804,318.0
10805,344.0
10806,464.0
10807,341.0
10808,368.0
10809,366.0
10810,417.0
10811,473.0
10812,384.0
10813,289.0
10814,570.0
10815,546.0
10816,596.0
10817,603.0
10818,633.0
10819,681.0
10820,720.0
10821,945.0
10822,888.0
10823,862.0
10824,811.0
10825,767.0
10826,691.0
10827,657.0
10828,283.0
10829,257.0
10830,260.0
10831,257.0
10832,339.0
10833,723.0
10834,476.0
10835,454.0
10836,630.0
10837,392.0
10838,785.0
10839,652.0
10840,537.0
10841,563.0
10842,556.0
10843,547.0
10844,519.0
10845,551.0
10846,465.0
10847,489.0
10848,654.0
10849,1364.0
10850,545.0
10851,371.0
10852,333.0
10853,422.0
10854,351.0
10855,295.0
10856,349.0
10857,358.0
10858,456.0
10859,385.0
10860,359.0
10861,568.0
10862,524.0
10863,560.0
10864,596.0
10865,634.0
10866,685.0
10867,698.0
10868,873.0
10869,796.0
10870,739.0
10871,851.0
10872,701.0
10873,712.0
10874,638.0
10875,242.0
10876,254.0
10877,296.0
10878,601.0
10879,582.0
10880,293.0
10881,503.0
10882,645.0
10883,880.0
10884,785.0
10885,784.0
10886,571.0
10887,584.0
10888,466.0
10889,490.0
10890,352.0
10891,286.0
10892,522.0
10893,911.0
10894,1217.0
10895,492.0
10896,446.0
10897,666.0
10898,400.0
10899,345.0
10900,308.0
10901,372.0
10902,429.0
10903,450.0
10904,445.0
10905,501.0
10906,498.0
10907,545.0
10908,585.0
10909,597.0
10910,654.0
10911,702.0
10912,845.0
10913,767.0
10914,738.0
10915,808.0
10916,734.0
10917,694.0
10918,697.0
10919,232.0
10920,275.0
10921,387.0
10922,622.0
10923,564.0
10924,631.0
10925,609.0
10926,768.0
10927,783.0
10928,630.0
10929,628.0
10930,601.0
10931,398.0
10932,503.0
10933,425.0
10934,409.0
10935,571.0
10936,892.0
10937,999.0
10938,540.0
10939,525.0
10940,324.0
10941,305.0
10942,274.0
10943,369.0
10944,392.0
10945,398.0
10946,417.0
10947,489.0
10948,542.0
10949,589.0
10950,606.0
10951,641.0
10952,623.0
10953,757.0
10954,710.0
10955,768.0
10956,770.0
10957,797.0
10958,849.0
10959,683.0
10960,677.0
10961,239.0
10962,510.0
10963,774.0
10964,374.0
10965,600.0
10966,532.0
10967,652.0
10968,670.0
10969,667.0
10970,545.0
10971,367.0
10972,534.0
10973,585.0
10974,539.0
10975,487.0
10976,595.0
10977,801.0
10978,931.0
10979,972.0
10980,543.0
10981,321.0
10982,319.0
10983,283.0
10984,322.0
10985,347.0
10986,407.0
10987,480.0
10988,487.0
10989,532.0
10990,575.0
10991,577.0
10992,620.0
10993,624.0
10994,690.0
10995,703.0
10996,750.0
10997,766.0
10998,808.0
10999,872.0
11000,724.0
11001,712.0
11002,312.0
11003,332.0
11004,456.0
11005,540.0
11006,486.0
11007,518.0
11008,348.0
11009,359.0
11010,403.0
11011,394.0
11012,496.0
11013,573.0
11014,581.0
11015,681.0
11016,717.0
11017,925.0
11018,972.0
11019,340.0
11020,377.0
11021,376.0
11022,368.0
11023,328.0
11024,353.0
11025,391.0
11026,500.0
11027,536.0
11028,559.0
11029,607.0
11030,594.0
11031,611.0
11032,639.0
11033,690.0
11034,790.0
11035,934.0
11036,788.0
11037,787.0
11038,743.0
11039,735.0
11040,743.0
11041,442.0
11042,657.0
11043,456.0
11044,639.0
11045,502.0
11046,475.0
11047,496.0
11048,486.0
11049,430.0
11050,485.0
11051,631.0
11052,721.0
11053,969.0
11054,955.0
11055,1064.0
11056,372.0
11057,314.0
11058,350.0
11059,315.0
11060,405.0
11061,409.0
11062,472.0
11063,457.0
11064,537.0
11065,584.0
11066,649.0
11067,613.0
11068,628.0
11069,592.0
11070,626.0
11071,796.0
11072,867.0
11073,1040.0
11074,985.0
11075,969.0
11076,752.0
11077,754.0
11078,329.0
11079,627.0
11080,593.0
11081,577.0
11082,495.0
11083,442.0
11084,511.0
11085,428.0
11086,485.0
11087,563.0
11088,635.0
11089,727.0
11090,800.0
11091,994.0
11092,1016.0
11093,434.0
11094,313.0
11095,354.0
11096,338.0
11097,366.0
11098,500.0
11099,518.0
11100,426.0
11101,494.0
11102,555.0
11103,614.0
11104,631.0
11105,646.0
11106,594.0
11107,638.0
11108,702.0
11109,828.0
11110,922.0
11111,1030.0
11112,1050.0
11113,958.0
11114,811.0
11115,282.0
11116,397.0
11117,645.0
11118,508.0
11119,556.0
11120,468.0
11121,345.0
11122,287.0
11123,366.0
11124,456.0
11125,391.0
11126,619.0
11127,746.0
11128,754.0
11129,686.0
11130,380.0
11131,325.0
11132,343.0
11133,357.0
11134,433.0
11135,445.0
11136,498.0
11137,467.0
11138,334.0
11139,479.0
11140,567.0
11141,588.0
11142,593.0
11143,624.0
11144,580.0
11145,604.0
11146,642.0
11147,758.0
11148,816.0
11149,922.0
11150,953.0
11151,841.0
11152,430.0
11153,471.0
11154,481.0
11155,523.0
11156,353.0
11157,419.0
11158,277.0
11159,294.0
11160,427.0
11161,478.0
11162,562.0
11163,664.0
11164,693.0
11165,492.0
11166,408.0
11167,379.0
11168,324.0
11169,360.0
11170,436.0
11171,481.0
11172,372.0
11173,372.0
11174,398.0
11175,428.0
11176,581.0
11177,547.0
11178,577.0
11179,605.0
11180,609.0
11181,559.0
11182,597.0
11183,653.0
11184,728.0
11185,778.0
11186,879.0
11187,867.0
11188,554.0
11189,426.0
11190,463.0
11191,272.0
11192,466.0
11193,449.0
11194,272.0
11195,350.0
11196,540.0
11197,767.0
11198,851.0
11199,640.0
11200,544.0
11201,440.0
11202,439.0
11203,363.0
11204,375.0
11205,391.0
11206,359.0
11207,395.0
11208,359.0
11209,355.0
11210,492.0
11211,524.0
11212,526.0
11213,568.0
11214,624.0
11215,582.0
11216,602.0
11217,606.0
11218,650.0
11219,657.0
11220,686.0
11221,784.0
11222,741.0
11223,412.0
11224,493.0
11225,387.0
11226,355.0
11227,410.0
11228,389.0
11229,347.0
11230,301.0
11231,550.0
11232,846.0
11233,883.0
11234,930.0
11235,692.0
11236,535.0
11237,447.0
11238,314.0
11239,390.0
11240,399.0
11241,352.0
11242,415.0
11243,487.0
11244,370.0
11245,424.0
11246,470.0
11247,519.0
11248,549.0
11249,641.0
11250,628.0
11251,586.0
11252,537.0
11253,580.0
11254,712.0
11255,686.0
11256,684.0
11257,725.0
11258,527.0
11259,564.0
11260,570.0
11261,414.0
11262,609.0
11263,329.0
11264,338.0
11265,438.0
11266,894.0
11267,765.0
11268,888.0
11269,1005.0
11270,508.0
11271,500.0
11272,458.0
11273,444.0
11274,462.0
11275,387.0
11276,425.0
11277,482.0
11278,430.0
11279,453.0
11280,552.0
11281,511.0
11282,548.0
11283,631.0
11284,621.0
11285,590.0
11286,579.0
11287,584.0
11288,672.0
11289,646.0
11290,690.0
11291,709.0
11292,381.0
11293,547.0
11294,751.0
11295,667.0
11296,542.0
11297,379.0
11298,317.0
11299,470.0
11300,681.0
11301,920.0
11302,746.0
11303,849.0
11304,956.0
11305,548.0
11306,499.0
11307,485.0
11308,608.0
11309,527.0
11310,444.0
11311,423.0
11312,396.0
11313,429.0
11314,583.0
11315,519.0
11316,547.0
11317,606.0
11318,605.0
11319,588.0
11320,593.0
11321,556.0
11322,600.0
11323,667.0
11324,692.0
11325,676.0
11326,221.0
11327,449.0
11328,527.0
11329,668.0
11330,913.0
11331,926.0
11332,627.0
11333,660.0
11334,576.0
11335,626.0
11336,866.0
11337,920.0
11338,776.0
11339,910.0
11340,782.0
11341,540.0
11342,669.0
11343,589.0
11344,732.0
11345,578.0
11346,458.0
11347,369.0
11348,384.0
11349,549.0
11350,483.0
11351,565.0
11352,613.0
11353,683.0
11354,660.0
11355,616.0
11356,573.0
11357,591.0
11358,633.0
11359,631.0
11360,665.0
11361,228.0
11362,392.0
11363,445.0
11364,559.0
11365,738.0
11366,975.0
11367,980.0
11368,1073.0
11369,919.0
11370,495.0
11371,829.0
11372,1021.0
11373,884.0
11374,823.0
11375,965.0
11376,614.0
11377,914.0
11378,1126.0
11379,857.0
11380,830.0
11381,510.0
11382,447.0
11383,459.0
11384,696.0
11385,645.0
11386,568.0
11387,584.0
11388,677.0
11389,718.0
11390,606.0
11391,549.0
11392,583.0
11393,650.0
11394,746.0
11395,721.0
11396,538.0
11397,492.0
11398,436.0
11399,359.0
11400,372.0
11401,374.0
11402,439.0
11403,455.0
11404,630.0
11405,1188.0
11406,657.0
11407,504.0
11408,769.0
11409,920.0
11410,947.0
11411,883.0
11412,801.0
11413,697.0
11414,1309.0
11415,1244.0
11416,996.0
11417,624.0
11418,573.0
11419,517.0
11420,778.0
11421,648.0
11422,500.0
11423,534.0
11424,568.0
11425,584.0
11426,620.0
11427,616.0
11428,577.0
11429,615.0
11430,705.0
11431,732.0
11432,923.0
11433,541.0
11434,566.0
11435,428.0
11436,354.0
11437,361.0
11438,287.0
11439,443.0
11440,602.0
11441,894.0
11442,831.0
11443,599.0
11444,721.0
11445,748.0
11446,1069.0
11447,1020.0
11448,1002.0
11449,765.0
11450,1029.0
11451,1333.0
11452,1317.0
11453,691.0
11454,698.0
11455,649.0
11456,757.0
11457,802.0
11458,491.0
11459,515.0
11460,571.0
11461,622.0
11462,576.0
11463,567.0
11464,614.0
11465,605.0
11466,638.0
11467,751.0
11468,629.0
11469,1117.0
11470,736.0
11471,470.0
11472,470.0
11473,382.0
11474,352.0
11475,290.0
11476,267.0
11477,475.0
11478,776.0
11479,1082.0
11480,1001.0
11481,1079.0
11482,1233.0
11483,1115.0
11484,1168.0
11485,1129.0
11486,818.0
11487,911.0
11488,1434.0
11489,946.0
11490,1094.0
11491,1363.0
11492,1518.0
11493,1059.0
11494,695.0
11495,547.0
11496,537.0
11497,583.0
11498,716.0
11499,668.0
11500,631.0
11501,583.0
11502,637.0
11503,628.0
11504,681.0
11505,843.0
11506,631.0
11507,674.0
11508,483.0
11509,415.0
11510,440.0
11511,389.0
11512,304.0
11513,272.0
11514,389.0
11515,564.0
11516,976.0
11517,1097.0
11518,1051.0
11519,1409.0
11520,1438.0
11521,1206.0
11522,1011.0
11523,1093.0
11524,1333.0
11525,1321.0
11526,1067.0
11527,977.0
11528,1094.0
11529,1215.0
11530,849.0
11531,549.0
11532,549.0
11533,565.0
11534,671.0
11535,699.0
11536,682.0
11537,576.0
11538,623.0
11539,680.0
11540,638.0
11541,795.0
11542,568.0
11543,554.0
11544,473.0
11545,460.0
11546,389.0
11547,349.0
11548,279.0
11549,265.0
11550,384.0
11551,398.0
11552,433.0
11553,697.0
11554,944.0
11555,1688.0
11556,1334.0
11557,853.0
11558,899.0
11559,1026.0
11560,901.0
11561,940.0
11562,1141.0
11563,959.0
11564,1198.0
11565,1245.0
11566,603.0
11567,564.0
11568,577.0
11569,606.0
11570,751.0
11571,690.0
11572,687.0
11573,683.0
11574,698.0
11575,692.0
11576,895.0
11577,929.0
11578,977.0
11579,914.0
11580,861.0
11581,673.0
11582,545.0
11583,591.0
11584,600.0
11585,965.0
11586,644.0
11587,429.0
11588,354.0
11589,291.0
11590,263.0
11591,394.0
11592,407.0
11593,451.0
11594,960.0
11595,1125.0
11596,1351.0
11597,1613.0
11598,890.0
11599,821.0
11600,771.0
11601,627.0
11602,725.0
11603,1024.0
11604,1341.0
11605,1271.0
11606,1042.0
11607,647.0
11608,643.0
11609,621.0
11610,691.0
11611,753.0
11612,698.0
11613,649.0
11614,682.0
11615,635.0
11616,1411.0
11617,1453.0
11618,1361.0
11619,1416.0
11620,1159.0
11621,1157.0
11622,1005.0
11623,777.0
11624,745.0
11625,600.0
11626,795.0
11627,925.0
11628,616.0
11629,408.0
11630,314.0
11631,309.0
11632,332.0
11633,442.0
11634,467.0
11635,671.0
11636,1109.0
11637,1369.0
11638,1901.0
11639,1229.0
11640,912.0
11641,703.0
11642,568.0
11643,521.0
11644,1112.0
11645,1463.0
11646,1281.0
11647,1320.0
11648,832.0
11649,713.0
11650,598.0
11651,543.0
11652,785.0
11653,698.0
11654,677.0
11655,740.0
11656,721.0
11657,934.0
11658,1115.0
11659,1702.0
11660,1471.0
11661,1418.0
11662,915.0
11663,762.0
11664,686.0
11665,642.0
11666,659.0
11667,858.0
11668,851.0
11669,791.0
11670,692.0
11671,737.0
11672,742.0
11673,598.0
11674,369.0
11675,371.0
11676,323.0
11677,349.0
11678,478.0
11679,577.0
11680,970.0
11681,1453.0
11682,1859.0
11683,1245.0
11684,821.0
11685,681.0
11686,563.0
11687,482.0
11688,746.0
11689,1010.0
11690,1233.0
11691,1128.0
11692,1229.0
11693,828.0
11694,579.0
11695,509.0
11696,564.0
11697,666.0
11698,730.0
11699,684.0
11700,749.0
11701,903.0
11702,1889.0
11703,2212.0
11704,2220.0
11705,1065.0
11706,818.0
11707,691.0
11708,647.0
11709,554.0
11710,599.0
11711,619.0
11712,685.0
11713,594.0
11714,729.0
11715,628.0
11716,693.0
11717,657.0
11718,566.0
11719,562.0
11720,524.0
11721,383.0
11722,361.0
11723,451.0
11724,614.0
11725,837.0
11726,1271.0
11727,2004.0
11728,1287.0
11729,1103.0
11730,886.0
11731,553.0
11732,618.0
11733,789.0
11734,1005.0
11735,910.0
11736,1140.0
11737,1317.0
11738,1216.0
11739,633.0
11740,513.0
11741,500.0
11742,665.0
11743,697.0
11744,611.0
11745,632.0
11746,1272.0
11747,1554.0
11748,2133.0
11749,2075.0
11750,1073.0
11751,1088.0
11752,814.0
11753,704.0
11754,593.0
11755,502.0
11756,570.0
11757,633.0
11758,627.0
11759,696.0
11760,826.0
11761,751.0
11762,595.0
11763,653.0
11764,682.0
11765,617.0
11766,649.0
11767,756.0
11768,487.0
11769,487.0
11770,615.0
11771,743.0
11772,1254.0
11773,2009.0
11774,1225.0
11775,846.0
11776,1053.0
11777,565.0
11778,609.0
11779,914.0
11780,688.0
11781,849.0
11782,1061.0
11783,975.0
11784,1282.0
11785,787.0
11786,751.0
11787,566.0
11788,621.0
11789,703.0
11790,642.0
11791,704.0
11792,1261.0
11793,2206.0
11794,2564.0
11795,1926.0
11796,1720.0
11797,1215.0
11798,882.0
11799,781.0
11800,726.0
11801,641.0
11802,569.0
11803,596.0
11804,637.0
11805,594.0
11806,661.0
11807,747.0
11808,730.0
11809,738.0
11810,610.0
11811,651.0
11812,672.0
11813,673.0
11814,788.0
11815,774.0
11816,692.0
11817,643.0
11818,969.0
11819,1457.0
11820,1860.0
11821,1119.0
11822,579.0
11823,710.0
11824,445.0
11825,591.0
11826,927.0
11827,541.0
11828,733.0
11829,870.0
11830,571.0
11831,959.0
11832,1513.0
11833,1221.0
11834,1023.0
11835,650.0
11836,651.0
11837,699.0
11838,719.0
11839,1090.0
11840,1149.0
11841,1693.0
11842,955.0
11843,1423.0
11844,1212.0
11845,999.0
11846,800.0
11847,685.0
11848,644.0
11849,739.0
11850,702.0
11851,655.0
11852,693.0
11853,600.0
11854,934.0
11855,871.0
11856,697.0
11857,622.0
11858,742.0
11859,743.0
11860,677.0
11861,789.0
11862,753.0
11863,792.0
11864,1558.0
11865,2048.0
11866,1681.0
11867,692.0
11868,608.0
11869,645.0
11870,457.0
11871,506.0
11872,809.0
11873,482.0
11874,485.0
11875,857.0
11876,788.0
11877,660.0
11878,1247.0
11879,1042.0
11880,1134.0
11881,1153.0
11882,728.0
11883,707.0
11884,711.0
11885,511.0
11886,687.0
11887,1051.0
11888,1359.0
11889,1602.0
11890,1205.0
11891,1111.0
11892,713.0
11893,867.0
11894,810.0
11895,717.0
11896,814.0
11897,819.0
11898,753.0
11899,628.0
11900,924.0
11901,1014.0
11902,703.0
11903,722.0
11904,795.0
11905,780.0
11906,687.0
11907,700.0
11908,865.0
11909,1219.0
11910,2050.0
11911,1533.0
11912,504.0
11913,503.0
11914,748.0
11915,401.0
11916,289.0
11917,810.0
11918,406.0
11919,311.0
11920,580.0
11921,892.0
11922,1018.0
11923,772.0
11924,1187.0
11925,1281.0
11926,987.0
11927,1133.0
11928,809.0
11929,891.0
11930,884.0
11931,600.0
11933,736.0
11934,820.0
11935,1171.0
11936,1282.0
11937,1318.0
11938,1226.0
11939,1037.0
11940,973.0
11941,778.0
11942,758.0
11943,852.0
11944,872.0
11945,769.0
11946,755.0
11947,1111.0
11948,856.0
11949,755.0
11950,805.0
11951,780.0
11952,746.0
11953,716.0
11954,851.0
11955,1387.0
11956,1980.0
11957,1152.0
11958,715.0
11959,587.0
11960,583.0
11961,456.0
11962,219.0
11963,581.0
11964,528.0
11965,250.0
11966,293.0
11967,408.0
11968,709.0
11969,785.0
11970,1174.0
11971,1289.0
11972,1320.0
11973,1187.0
11974,1065.0
11975,1235.0
11976,1638.0
11977,2615.0
11978,1267.0
11979,936.0
11980,737.0
11981,692.0
11982,746.0
11983,818.0
11984,1078.0
11985,1264.0
11986,912.0
11987,937.0
11988,845.0
11989,772.0
11990,889.0
11991,939.0
11992,806.0
11993,816.0
11994,831.0
11995,918.0
11996,856.0
11997,874.0
11998,786.0
11999,732.0
12000,715.0
12001,862.0
12002,1452.0
12003,2097.0
12004,1887.0
12005,833.0
12006,722.0
12007,612.0
12008,394.0
12009,247.0
12010,377.0
12011,672.0
12012,290.0
12013,264.0
12014,244.0
12015,402.0
12016,824.0
12017,871.0
12018,1222.0
12019,1325.0
12020,1141.0
12021,1204.0
12022,977.0
12023,990.0
12024,1885.0
12025,2323.0
12026,1181.0
12027,992.0
12028,610.0
12029,718.0
12030,659.0
12031,956.0
12032,890.0
12033,1039.0
12034,1106.0
12035,1079.0
12036,931.0
12037,932.0
12038,988.0
12039,957.0
12040,882.0
12041,968.0
12042,710.0
12043,796.0
12044,842.0
12045,1079.0
12046,2233.0
12047,2190.0
12048,1014.0
12049,794.0
12050,658.0
12051,583.0
12052,241.0
12053,281.0
12054,732.0
12055,371.0
12056,250.0
12057,242.0
12058,239.0
12059,352.0
12060,898.0
12061,901.0
12062,1230.0
12063,1343.0
12064,1022.0
12065,1059.0
12066,703.0
12067,1327.0
12068,1119.0
12069,846.0
12070,846.0
12071,1194.0
12072,1259.0
12073,1224.0
12074,1128.0
12075,923.0
12076,960.0
12077,1159.0
12078,1134.0
12079,978.0
12080,937.0
12081,818.0
12082,885.0
12083,965.0
12084,2128.0
12085,2192.0
12086,892.0
12087,721.0
12088,622.0
12089,599.0
12090,410.0
12091,228.0
12092,587.0
12093,465.0
12094,255.0
12095,244.0
12096,232.0
12097,230.0
12098,371.0
12099,1079.0
12100,1001.0
12101,1143.0
12102,903.0
12103,715.0
12104,619.0
12105,933.0
12106,1761.0
12107,1438.0
12108,1102.0
12109,1069.0
12110,874.0
12111,852.0
12112,1188.0
12113,1090.0
12114,1045.0
12115,883.0
12116,788.0
12117,961.0
12118,2104.0
12119,1993.0
12120,1666.0
12121,697.0
12122,536.0
12123,590.0
12124,491.0
12125,261.0
12126,218.0
12127,692.0
12128,331.0
12129,253.0
12130,228.0
12131,227.0
12132,265.0
12133,453.0
12134,1145.0
12135,984.0
12136,1216.0
12137,527.0
12138,1021.0
12139,1991.0
12140,1856.0
12141,1335.0
12142,1089.0
12143,1062.0
12144,1077.0
12145,1101.0
12146,1061.0
12147,1017.0
12148,792.0
12149,870.0
12150,1917.0
12151,2027.0
12152,1649.0
12153,772.0
12154,528.0
12155,651.0
12156,747.0
12157,433.0
12158,205.0
12159,327.0
12160,723.0
12161,344.0
12162,233.0
12163,229.0
12164,221.0
12165,281.0
12166,974.0
12167,981.0
12168,795.0
12169,836.0
12170,970.0
12171,1417.0
12172,1652.0
12173,1417.0
12174,1060.0
12175,998.0
12176,1187.0
12177,1207.0
12178,1111.0
12179,1071.0
12180,885.0
12181,1060.0
12182,2097.0
12183,1670.0
12184,764.0
12185,725.0
12186,682.0
12187,731.0
12188,612.0
12189,367.0
12190,199.0
12191,271.0
12192,873.0
12193,331.0
12194,230.0
12195,220.0
12196,221.0
12197,358.0
12198,1054.0
12199,807.0
12200,1513.0
12201,1775.0
12202,1890.0
12203,1534.0
12204,1182.0
12205,1064.0
12206,1302.0
12207,1245.0
12208,1105.0
12209,939.0
12210,921.0
12211,2050.0
12212,3006.0
12213,834.0
12214,749.0
12215,685.0
12216,748.0
12217,641.0
12218,566.0
12219,316.0
12220,222.0
12221,383.0
12222,910.0
12223,332.0
12224,229.0
12225,214.0
12226,275.0
12227,713.0
12228,1116.0
12229,1160.0
12230,1010.0
12231,1336.0
12232,1298.0
12233,1295.0
12234,1163.0
12235,1283.0
12236,1197.0
12237,1011.0
12238,967.0
12239,1374.0
12240,2102.0
12241,1361.0
12242,648.0
12243,607.0
12244,668.0
12245,596.0
12246,506.0
12247,452.0
12248,261.0
12249,194.0
12250,283.0
12251,841.0
12252,580.0
12253,227.0
12254,224.0
12255,605.0
12256,609.0
12257,778.0
12258,641.0
12259,1059.0
12260,1474.0
12261,1493.0
12262,1240.0
12263,1311.0
12264,1148.0
12265,1029.0
12266,899.0
12267,2401.0
12268,2277.0
12269,888.0
12270,546.0
12271,649.0
12272,579.0
12273,520.0
12274,458.0
12275,316.0
12276,258.0
12277,190.0
12278,300.0
12279,858.0
12280,510.0
12281,225.0
12282,252.0
12283,496.0
12284,479.0
12285,731.0
12286,977.0
12287,1637.0
12288,1601.0
12289,1263.0
12290,1450.0
12291,1367.0
12292,1043.0
12293,2070.0
12294,2349.0
12295,837.0
12296,858.0
12297,571.0
12298,628.0
12299,621.0
12300,530.0
12301,454.0
12302,315.0
12303,246.0
12304,214.0
12305,394.0
12306,754.0
12307,677.0
12308,193.0
12309,269.0
12310,327.0
12311,888.0
12312,990.0
12313,991.0
12314,1095.0
12315,1345.0
12316,1401.0
12317,1089.0
12318,2042.0
12319,2587.0
12320,876.0
12321,853.0
12322,680.0
12323,723.0
12324,586.0
12325,513.0
12326,398.0
12327,320.0
12328,222.0
12329,276.0
12330,403.0
12331,749.0
12332,623.0
12333,185.0
12334,254.0
12335,1009.0
12336,1019.0
12337,1018.0
12338,1226.0
12339,1137.0
12340,1758.0
12341,3256.0
12342,910.0
12343,884.0
12344,743.0
12345,680.0
12346,604.0
12347,431.0
12348,382.0
12349,333.0
12350,296.0
12351,221.0
12352,438.0
12353,658.0
12354,694.0
12355,454.0
12356,231.0
12357,1034.0
12358,1003.0
12359,1176.0
12360,1206.0
12361,1216.0
12362,2044.0
12363,1764.0
12364,818.0
12365,964.0
12366,741.0
12367,688.0
12368,518.0
12369,393.0
12370,334.0
12371,414.0
12372,271.0
12373,303.0
12374,575.0
12375,526.0
12376,594.0
12377,280.0
12378,1116.0
12379,1187.0
12380,1234.0
12381,1400.0
12382,1105.0
12383,2000.0
12384,1392.0
12385,968.0
12386,899.0
12387,611.0
12388,598.0
12389,451.0
12390,368.0
12391,334.0
12392,326.0
12393,265.0
12394,459.0
12395,572.0
12396,351.0
12397,597.0
12398,1186.0
12399,1225.0
12400,1266.0
12401,1156.0
12402,2016.0
12403,1608.0
12404,2015.0
12405,893.0
12406,1177.0
12407,1056.0
12408,554.0
12409,503.0
12410,357.0
12411,371.0
12412,341.0
12413,277.0
12414,474.0
12415,578.0
12416,345.0
12417,450.0
12418,1163.0
12419,1385.0
12420,1358.0
12421,2017.0
12422,2113.0
12423,2311.0
12424,1832.0
12425,1030.0
12426,1034.0
12427,965.0
12428,669.0
12429,587.0
12430,365.0
12431,376.0
12432,318.0
12433,331.0
12434,630.0
12435,362.0
12436,325.0
12437,1581.0
12438,1697.0
12439,1813.0
12440,1804.0
12441,2391.0
12442,1992.0
12443,2072.0
12444,1258.0
12445,1250.0
12446,985.0
12447,571.0
12448,733.0
12449,566.0
12450,508.0
12451,395.0
12452,305.0
12453,474.0
12454,483.0
12455,368.0
12456,1396.0
12457,2348.0
12458,2189.0
12459,2529.0
12460,2604.0
12461,2078.0
12462,2642.0
12463,1795.0
12464,2417.0
12465,1966.0
12466,1196.0
12467,908.0
12468,650.0
12469,835.0
12470,569.0
12471,565.0
12472,488.0
12473,396.0
12474,694.0
12475,378.0
12476,884.0
12477,1675.0
12478,2407.0
12479,2665.0
12480,2446.0
12481,2325.0
12482,2310.0
12483,2788.0
12484,3063.0
12485,2228.0
12486,2295.0
12487,2443.0
12488,1141.0
12489,873.0
12490,882.0
12491,782.0
12492,520.0
12493,589.0
12494,486.0
12495,537.0
12496,692.0
12497,2723.0
12498,945.0
12499,1461.0
12500,1845.0
12501,2480.0
12502,2732.0
12503,2493.0
12504,2393.0
12505,2484.0
12506,2503.0
12507,2464.0
12508,2701.0
12509,2253.0
12510,2491.0
12511,2491.0
12512,1715.0
12513,2549.0
12514,1831.0
12515,1335.0
12516,1009.0
12517,992.0
12518,605.0
12519,590.0
12520,597.0
12521,396.0
12522,604.0
12523,1583.0
12524,2974.0
12525,2287.0
12526,1023.0
12527,1158.0
12528,1446.0
12529,1902.0
12530,1720.0
12531,1171.0
12532,1307.0
12533,1057.0
12534,1227.0
12535,1238.0
12536,1604.0
12537,1863.0
12538,2585.0
12539,2939.0
12540,2227.0
12541,2396.0
12542,1721.0
12543,1506.0
12544,1157.0
12545,898.0
12546,817.0
12547,776.0
12548,461.0
12549,495.0
12550,2525.0
12551,3287.0
12552,2694.0
12553,944.0
12554,1018.0
12555,1444.0
12556,1528.0
12557,1714.0
12558,1737.0
12559,1527.0
12560,1172.0
12561,1303.0
12562,1819.0
12563,2176.0
12564,2176.0
12565,2146.0
12566,3107.0
12567,2305.0
12568,2287.0
12569,1227.0
12570,912.0
12571,938.0
12572,895.0
12573,835.0
12574,785.0
12575,474.0
12576,1506.0
12577,3401.0
12578,3583.0
12579,2847.0
12580,632.0
12581,932.0
12582,1372.0
12583,1996.0
12584,2249.0
12585,2771.0
12586,2259.0
12587,2275.0
12588,2263.0
12589,1857.0
12590,2315.0
12591,2205.0
12592,2263.0
12593,2325.0
12594,2858.0
12595,2754.0
12596,2344.0
12597,1404.0
12598,785.0
12599,1129.0
12600,946.0
12601,1030.0
12602,1000.0
12603,544.0
12604,2523.0
12605,3133.0
12606,3357.0
12607,2061.0
12608,956.0
12609,2388.0
12610,2799.0
12611,1522.0
12612,1239.0
12613,1218.0
12614,2468.0
12615,2221.0
12616,1944.0
12617,1907.0
12618,2244.0
12619,1986.0
12620,2108.0
12621,2290.0
12622,2623.0
12623,1885.0
12624,2181.0
12625,2582.0
12626,2239.0
12627,2610.0
12628,2870.0
12629,3298.0
12630,3213.0
12631,2644.0
12632,1885.0
12633,1345.0
12634,1141.0
12635,1148.0
12636,891.0
12637,1096.0
12638,845.0
12639,1735.0
12640,2733.0
12641,3149.0
12642,2418.0
12643,2573.0
12644,1032.0
12645,2483.0
12646,2370.0
12647,2602.0
12648,2095.0
12649,2365.0
12650,1940.0
12651,2469.0
12652,2854.0
12653,2057.0
12654,2240.0
12655,2652.0
12656,2055.0
12657,1841.0
12658,2001.0
12659,2342.0
12660,2504.0
12661,2471.0
12662,2773.0
12663,2596.0
12664,2561.0
12665,2424.0
12666,2353.0
12667,2695.0
12668,2170.0
12669,1985.0
12670,1827.0
12671,1645.0
12672,1569.0
12673,1440.0
12674,1405.0
12675,1273.0
12676,942.0
12677,2514.0
12678,3321.0
12679,2671.0
12680,2824.0
12681,2183.0
12682,1218.0
12683,1908.0
12684,2294.0
12685,2765.0
12686,2429.0
12687,1483.0
12688,1775.0
12689,2489.0
12690,2227.0
12691,1789.0
12692,1371.0
12693,1465.0
12694,1498.0
12695,1618.0
12696,1331.0
12697,1431.0
12698,2216.0
12699,2238.0
12700,2584.0
12701,2730.0
12702,2441.0
12703,2102.0
12704,2741.0
12705,2622.0
12706,2310.0
12707,2032.0
12708,1864.0
12709,1573.0
12710,1521.0
12711,1900.0
12712,1532.0
12713,1138.0
12714,1137.0
12715,1039.0
12716,1640.0
12717,3461.0
12718,3588.0
12719,3210.0
12720,2435.0
12721,1457.0
12722,1257.0
12723,1545.0
12724,2488.0
12725,2623.0
12726,1897.0
12727,1478.0
12728,1096.0
12729,999.0
12730,770.0
12731,946.0
12732,874.0
12733,930.0
12734,967.0
12735,914.0
12736,1329.0
12737,1978.0
12738,2009.0
12739,2303.0
12740,2603.0
12741,2442.0
12742,2755.0
12743,2493.0
12744,2590.0
12745,2550.0
12746,2248.0
12747,2638.0
12748,2548.0
12749,2222.0
12750,2198.0
12751,1788.0
12752,1429.0
12753,1229.0
12754,1205.0
12755,1428.0
12756,1343.0
12757,1040.0
12758,781.0
12759,720.0
12760,757.0
12761,587.0
12762,660.0
12763,1040.0
12764,582.0
12765,588.0
12766,762.0
12767,661.0
12768,704.0
12769,757.0
12770,318.0
12771,265.0
12772,248.0
12773,263.0
12774,362.0
12775,874.0
12776,1275.0
12777,1461.0
12778,530.0
12779,486.0
12780,531.0
12781,944.0
12782,1148.0
12783,1082.0
12784,813.0
12785,639.0
12786,675.0
12787,720.0
12788,677.0
12789,628.0
12790,614.0
12791,609.0
12792,615.0
12793,629.0
12794,629.0
12795,642.0
12796,715.0
12797,720.0
12798,634.0
12799,692.0
12800,771.0
12801,724.0
12802,714.0
12803,766.0
12804,812.0
12805,765.0
12806,767.0
12807,759.0
12808,681.0
12809,730.0
12810,678.0
12811,675.0
12812,686.0
12813,647.0
12814,676.0
12815,675.0
12816,703.0
12817,658.0
12818,673.0
12819,754.0
12820,716.0
12821,703.0
12822,714.0
12823,846.0
12824,810.0
12825,773.0
12826,713.0
12827,789.0
12828,811.0
12829,736.0
12830,937.0
12831,820.0
12832,803.0
12833,866.0
12834,842.0
12835,1422.0
12836,1580.0
12837,1021.0
12838,762.0
12839,751.0
12840,834.0
12841,662.0
12842,963.0
12843,791.0
12844,824.0
12845,564.0
12846,601.0
12847,763.0
12848,817.0
12849,312.0
12850,299.0
12851,260.0
12852,308.0
12853,268.0
12854,768.0
12855,1258.0
12856,713.0
12857,497.0
12858,499.0
12859,597.0
12860,1030.0
12861,1245.0
12862,1028.0
12863,790.0
12864,883.0
12865,662.0
12866,644.0
12867,645.0
12868,604.0
12869,629.0
12870,639.0
12871,591.0
12872,633.0
12873,640.0
12874,631.0
12875,628.0
12876,645.0
12877,686.0
12878,733.0
12879,757.0
12880,780.0
12881,748.0
12882,727.0
12883,780.0
12884,874.0
12885,769.0
12886,772.0
12887,681.0
12888,708.0
12889,650.0
12890,634.0
12891,647.0
12892,653.0
12893,664.0
12894,665.0
12895,655.0
12896,642.0
12897,654.0
12898,695.0
12899,661.0
12900,721.0
12901,685.0
12902,660.0
12903,554.0
12904,699.0
12905,669.0
12906,705.0
12907,728.0
12908,744.0
12909,791.0
12910,899.0
12911,913.0
12912,800.0
12913,776.0
12914,738.0
12915,1553.0
12916,1643.0
12917,1249.0
12918,1162.0
12919,1023.0
12920,950.0
12921,1142.0
12922,978.0
12923,901.0
12924,728.0
12925,444.0
12926,559.0
12927,673.0
12928,881.0
12929,333.0
12930,300.0
12931,283.0
12932,285.0
12933,489.0
12934,846.0
12935,791.0
12936,640.0
12937,601.0
12938,568.0
12939,635.0
12940,786.0
12941,966.0
12942,904.0
12943,1341.0
12944,1087.0
12945,1208.0
12946,898.0
12947,685.0
12948,683.0
12949,673.0
12950,645.0
12951,660.0
12952,627.0
12953,645.0
12954,656.0
12955,660.0
12956,693.0
12957,691.0
12958,751.0
12959,725.0
12960,786.0
12961,835.0
12962,808.0
12963,813.0
12964,764.0
12965,864.0
12966,807.0
12967,737.0
12968,643.0
12969,642.0
12970,658.0
12971,637.0
12972,635.0
12973,646.0
12974,697.0
12975,619.0
12976,647.0
12977,673.0
12978,698.0
12979,684.0
12980,683.0
12981,604.0
12982,666.0
12983,631.0
12984,651.0
12985,671.0
12986,623.0
12987,668.0
12988,700.0
12989,721.0
12990,607.0
12991,844.0
12992,944.0
12993,752.0
12994,777.0
12995,2567.0
12996,1558.0
12997,1593.0
12998,1351.0
12999,1220.0
13000,1068.0
13001,1349.0
13002,1167.0
13003,813.0
13004,621.0
13005,547.0
13006,754.0
13007,957.0
13008,749.0
13009,467.0
13010,462.0
13011,513.0
13012,840.0
13013,1051.0
13014,1026.0
13015,679.0
13016,717.0
13017,739.0
13018,678.0
13019,771.0
13020,869.0
13021,1122.0
13022,1274.0
13023,1090.0
13024,1152.0
13025,1264.0
13026,1275.0
13027,1082.0
13028,680.0
13029,720.0
13030,665.0
13031,666.0
13032,689.0
13033,631.0
13034,646.0
13035,698.0
13036,731.0
13037,708.0
13038,734.0
13039,824.0
13040,824.0
13041,805.0
13042,819.0
13043,829.0
13044,814.0
13045,810.0
13046,962.0
13047,861.0
13048,772.0
13049,685.0
13050,656.0
13051,615.0
13052,629.0
13053,614.0
13054,655.0
13055,672.0
13056,659.0
13057,697.0
13058,639.0
13059,689.0
13060,668.0
13061,672.0
13062,665.0
13063,686.0
13064,624.0
13065,639.0
13066,673.0
13067,676.0
13068,704.0
13069,658.0
13070,655.0
13071,687.0
13072,863.0
13073,787.0
13074,831.0
13075,1622.0
13076,2284.0
13077,1588.0
13078,1627.0
13079,1492.0
13080,1206.0
13081,1368.0
13082,1197.0
13083,1225.0
13084,1046.0
13085,1313.0
13086,1182.0
13087,670.0
13088,431.0
13089,324.0
13090,433.0
13091,523.0
13092,431.0
13093,786.0
13094,784.0
13095,537.0
13096,594.0
13097,606.0
13098,910.0
13099,892.0
13100,956.0
13101,926.0
13102,696.0
13103,658.0
13104,997.0
13105,1117.0
13106,1108.0
13107,1127.0
13108,763.0
13109,664.0
13110,731.0
13111,737.0
13112,751.0
13113,724.0
13114,694.0
13115,720.0
13116,741.0
13117,732.0
13118,773.0
13119,819.0
13120,810.0
13121,818.0
13122,825.0
13123,803.0
13124,825.0
13125,835.0
13126,842.0
13127,1003.0
13128,792.0
13129,724.0
13130,691.0
13131,661.0
13132,683.0
13133,662.0
13134,668.0
13135,644.0
13136,671.0
13137,731.0
13138,629.0
13139,623.0
13140,669.0
13141,688.0
13142,678.0
13143,686.0
13144,697.0
13145,622.0
13146,651.0
13147,697.0
13148,685.0
13149,818.0
13150,698.0
13151,706.0
13152,839.0
13153,819.0
13154,805.0
13155,1555.0
13156,1574.0
13157,1900.0
13158,1725.0
13159,1719.0
13160,1397.0
13161,1448.0
13162,1414.0
13163,1359.0
13164,1392.0
13165,1113.0
13166,686.0
13167,354.0
13168,355.0
13169,297.0
13170,300.0
13171,317.0
13172,333.0
13173,450.0
13174,498.0
13175,698.0
13176,730.0
13177,767.0
13178,859.0
13179,940.0
13180,861.0
13181,660.0
13182,775.0
13183,667.0
13184,823.0
13185,1149.0
13186,1161.0
13187,1050.0
13188,885.0
13189,686.0
13190,731.0
13191,735.0
13192,713.0
13193,712.0
13194,746.0
13195,780.0
13196,795.0
13197,751.0
13198,811.0
13199,786.0
13200,797.0
13201,787.0
13202,794.0
13203,830.0
13204,805.0
13205,823.0
13206,818.0
13207,900.0
13208,994.0
13209,750.0
13210,653.0
13211,689.0
13212,674.0
13213,638.0
13214,605.0
13215,643.0
13216,660.0
13217,670.0
13218,641.0
13219,631.0
13220,655.0
13221,691.0
13222,702.0
13223,659.0
13224,708.0
13225,641.0
13226,637.0
13227,637.0
13228,724.0
13229,817.0
13230,693.0
13231,582.0
13232,716.0
13233,818.0
13234,817.0
13235,860.0
13236,1699.0
13237,1567.0
13238,1822.0
13239,1386.0
13240,1515.0
13241,1597.0
13242,1196.0
13243,1251.0
13244,1214.0
13245,1076.0
13246,632.0
13247,359.0
13248,292.0
13249,259.0
13250,301.0
13251,270.0
13252,354.0
13253,363.0
13254,322.0
13255,400.0
13256,596.0
13257,727.0
13258,672.0
13259,727.0
13260,755.0
13261,776.0
13262,819.0
13263,863.0
13264,837.0
13265,789.0
13266,950.0
13267,1144.0
13268,1020.0
13269,929.0
13270,670.0
13271,691.0
13272,674.0
13273,679.0
13274,692.0
13275,782.0
13276,757.0
13277,782.0
13278,817.0
13279,757.0
13280,793.0
13281,795.0
13282,782.0
13283,800.0
13284,729.0
13285,806.0
13286,680.0
13287,776.0
13288,811.0
13289,844.0
13290,845.0
13291,708.0
13292,644.0
13293,657.0
13294,633.0
13295,609.0
13296,611.0
13297,641.0
13298,653.0
13299,665.0
13300,633.0
13301,662.0
13302,643.0
13303,754.0
13304,629.0
13305,673.0
13306,665.0
13307,714.0
13308,645.0
13309,734.0
13310,735.0
13311,635.0
13312,715.0
13313,738.0
13314,740.0
13315,910.0
13316,1976.0
13317,1693.0
13318,1780.0
13319,1573.0
13320,1440.0
13321,1402.0
13322,1281.0
13323,860.0
13324,814.0
13325,821.0
13326,370.0
13327,414.0
13328,320.0
13329,275.0
13330,242.0
13331,250.0
13332,381.0
13333,325.0
13334,396.0
13335,533.0
13336,731.0
13337,756.0
13338,787.0
13339,708.0
13340,506.0
13341,553.0
13342,481.0
13343,734.0
13344,901.0
13345,883.0
13346,863.0
13347,710.0
13348,952.0
13349,885.0
13350,774.0
13351,732.0
13352,705.0
13353,733.0
13354,793.0
13355,773.0
13356,781.0
13357,789.0
13358,702.0
13359,700.0
13360,706.0
13361,791.0
13362,715.0
13363,729.0
13364,770.0
13365,734.0
13366,786.0
13367,777.0
13368,770.0
13369,778.0
13370,805.0
13371,885.0
13372,685.0
13373,604.0
13374,621.0
13375,634.0
13376,636.0
13377,641.0
13378,636.0
13379,609.0
13380,603.0
13381,616.0
13382,646.0
13383,442.0
13384,666.0
13385,624.0
13386,683.0
13387,691.0
13388,693.0
13389,633.0
13390,588.0
13391,689.0
13392,703.0
13393,707.0
13394,798.0
13395,803.0
13396,2057.0
13397,1760.0
13398,1817.0
13399,1520.0
13400,1833.0
13401,1604.0
13402,1504.0
13403,1362.0
13404,985.0
13405,733.0
13406,425.0
13407,332.0
13408,386.0
13409,295.0
13410,264.0
13411,237.0
13412,501.0
13413,534.0
13414,504.0
13415,545.0
13416,677.0
13417,657.0
13418,669.0
13419,735.0
13420,666.0
13421,610.0
13422,692.0
13423,747.0
13424,574.0
13425,886.0
13426,825.0
13427,1019.0
13428,959.0
13429,858.0
13430,835.0
13431,787.0
13432,708.0
13433,655.0
13434,710.0
13435,787.0
13436,801.0
13437,728.0
13438,719.0
13439,650.0
13440,705.0
13441,699.0
13442,744.0
13443,726.0
13444,642.0
13445,639.0
13446,742.0
13447,678.0
13448,748.0
13449,734.0
13450,767.0
13451,833.0
13452,693.0
13453,637.0
13454,572.0
13455,607.0
13456,593.0
13457,643.0
13458,584.0
13459,566.0
13460,563.0
13461,554.0
13462,551.0
13463,524.0
13464,545.0
13465,561.0
13466,685.0
13467,742.0
13468,757.0
13469,767.0
13470,716.0
13471,602.0
13472,740.0
13473,727.0
13474,744.0
13475,707.0
13476,726.0
13477,1855.0
13478,1947.0
13479,2089.0
13480,1556.0
13481,1590.0
13482,1724.0
13483,1373.0
13484,1046.0
13485,840.0
13486,778.0
13487,733.0
13488,608.0
13489,405.0
13490,395.0
13491,327.0
13492,299.0
13493,409.0
13494,563.0
13495,513.0
13496,705.0
13497,528.0
13498,636.0
13499,678.0
13500,594.0
13501,613.0
13502,530.0
13503,693.0
13504,670.0
13505,525.0
13506,836.0
13507,880.0
13508,933.0
13509,978.0
13510,887.0
13511,833.0
13512,748.0
13513,753.0
13514,705.0
13515,660.0
13516,723.0
13517,726.0
13518,707.0
13519,707.0
13520,718.0
13521,707.0
13522,710.0
13523,633.0
13524,619.0
13525,513.0
13526,513.0
13527,530.0
13528,561.0
13529,603.0
13530,607.0
13531,668.0
13532,683.0
13533,678.0
13534,652.0
13535,598.0
13536,567.0
13537,583.0
13538,611.0
13539,597.0
13540,560.0
13541,519.0
13542,495.0
13543,388.0
13544,481.0
13545,482.0
13546,522.0
13547,595.0
13548,795.0
13549,684.0
13550,683.0
13551,713.0
13552,719.0
13553,735.0
13554,787.0
13555,785.0
13556,757.0
13557,676.0
13558,1951.0
13559,1725.0
13560,1993.0
13561,1687.0
13562,1615.0
13563,1583.0
13564,1396.0
13565,1201.0
13566,875.0
13567,794.0
13568,634.0
13569,1001.0
13570,711.0
13571,419.0
13572,367.0
13573,320.0
13574,378.0
13575,563.0
13576,572.0
13577,690.0
13578,724.0
13579,825.0
13580,704.0
13581,536.0
13582,632.0
13583,526.0
13584,538.0
13585,744.0
13586,806.0
13587,842.0
13588,787.0
13589,780.0
13590,946.0
13591,704.0
13592,897.0
13593,816.0
13594,819.0
13595,736.0
13596,639.0
13597,687.0
13598,708.0
13599,763.0
13600,740.0
13601,734.0
13602,713.0
13603,665.0
13604,586.0
13605,549.0
13606,479.0
13607,453.0
13608,479.0
13609,501.0
13610,575.0
13611,580.0
13612,562.0
13613,580.0
13614,592.0
13615,612.0
13616,623.0
13617,570.0
13618,546.0
13619,521.0
13620,528.0
13621,507.0
13622,472.0
13623,424.0
13624,432.0
13625,452.0
13626,495.0
13627,463.0
13628,517.0
13629,641.0
13630,721.0
13631,678.0
13632,643.0
13633,689.0
13634,723.0
13635,689.0
13636,706.0
13637,625.0
13638,650.0
13639,2010.0
13640,1976.0
13641,1621.0
13642,1772.0
13643,1670.0
13644,1542.0
13645,1772.0
13646,1406.0
13647,1103.0
13648,890.0
13649,795.0
13650,524.0
13651,732.0
13652,499.0
13653,564.0
13654,335.0
13655,423.0
13656,562.0
13657,611.0
13658,498.0
13659,601.0
13660,819.0
13661,870.0
13662,740.0
13663,683.0
13664,578.0
13665,556.0
13666,694.0
13667,788.0
13668,897.0
13669,886.0
13670,782.0
13671,859.0
13672,815.0
13673,733.0
13674,713.0
13675,753.0
13676,742.0
13677,601.0
13678,640.0
13679,695.0
13680,687.0
13681,658.0
13682,634.0
13683,643.0
13684,582.0
13685,578.0
13686,578.0
13687,502.0
13688,482.0
13689,493.0
13690,481.0
13691,458.0
13692,523.0
13693,537.0
13694,485.0
13695,522.0
13696,602.0
13697,518.0
13698,528.0
13699,489.0
13700,488.0
13701,468.0
13702,471.0
13703,421.0
13704,399.0
13705,392.0
13706,326.0
13707,421.0
13708,493.0
13709,627.0
13710,609.0
13711,605.0
13712,565.0
13713,607.0
13714,711.0
13715,626.0
13716,652.0
13717,609.0
13718,2114.0
13719,2146.0
13720,2211.0
13721,1868.0
13722,1820.0
13723,1626.0
13724,1577.0
13725,1620.0
13726,1434.0
13727,1057.0
13728,931.0
13729,740.0
13730,642.0
13731,648.0
13732,604.0
13733,702.0
13734,404.0
13735,468.0
13736,447.0
13737,386.0
13738,511.0
13739,685.0
13740,723.0
13741,673.0
13742,692.0
13743,703.0
13744,628.0
13745,741.0
13746,706.0
13747,753.0
13748,702.0
13749,705.0
13750,850.0
13751,860.0
13752,916.0
13753,793.0
13754,773.0
13755,718.0
13756,584.0
13757,561.0
13758,580.0
13759,621.0
13760,585.0
13761,570.0
13762,578.0
13763,559.0
13764,551.0
13765,539.0
13766,496.0
13767,466.0
13768,468.0
13769,437.0
13770,448.0
13771,448.0
13772,441.0
13773,437.0
13774,440.0
13775,576.0
13776,452.0
13777,450.0
13778,433.0
13779,444.0
13780,434.0
13781,374.0
13782,375.0
13783,379.0
13784,487.0
13785,544.0
13786,522.0
13787,556.0
13788,563.0
13789,636.0
13790,615.0
13791,578.0
13793,1918.0
13794,1816.0
13795,1915.0
13796,2103.0
13797,1947.0
13798,1678.0
13799,1776.0
13800,1633.0
13801,1288.0
13802,1223.0
13803,974.0
13804,874.0
13805,756.0
13806,696.0
13807,634.0
13808,842.0
13809,615.0
13810,408.0
13811,456.0
13812,430.0
13813,522.0
13814,587.0
13815,667.0
13816,614.0
13817,701.0
13818,704.0
13819,789.0
13820,859.0
13821,687.0
13822,686.0
13823,668.0
13824,704.0
13825,736.0
13826,820.0
13827,867.0
13828,852.0
13829,821.0
13830,828.0
13831,609.0
13832,571.0
13833,548.0
13834,594.0
13835,560.0
13836,548.0
13837,571.0
13838,570.0
13839,554.0
13840,548.0
13841,536.0
13842,445.0
13843,409.0
13844,442.0
13845,416.0
13846,420.0
13847,418.0
13848,436.0
13849,452.0
13850,544.0
13851,483.0
13852,407.0
13853,415.0
13854,385.0
13855,355.0
13856,275.0
13857,449.0
13858,545.0
13859,599.0
13860,573.0
13861,568.0
13862,632.0
13863,567.0
13864,1822.0
13865,1783.0
13866,1642.0
13867,1793.0
13868,1962.0
13869,1561.0
13870,1764.0
13871,1686.0
13872,1567.0
13873,1274.0
13874,1100.0
13875,1009.0
13876,903.0
13877,710.0
13878,772.0
13879,1055.0
13880,857.0
13881,531.0
13882,470.0
13883,430.0
13884,445.0
13885,548.0
13886,547.0
13887,574.0
13888,719.0
13889,704.0
13890,728.0
13891,765.0
13892,865.0
13893,707.0
13894,748.0
13895,699.0
13896,821.0
13897,795.0
13898,805.0
13899,698.0
13900,709.0
13901,845.0
13902,744.0
13903,668.0
13904,595.0
13905,593.0
13906,574.0
13907,605.0
13908,555.0
13909,559.0
13910,548.0
13911,570.0
13912,542.0
13913,496.0
13914,415.0
13915,433.0
13916,402.0
13917,414.0
13918,407.0
13919,409.0
13920,383.0
13921,493.0
13922,467.0
13923,411.0
13924,386.0
13925,313.0
13926,306.0
13927,408.0
13928,518.0
13929,473.0
13930,478.0
13931,500.0
13932,1856.0
13933,2081.0
13934,2196.0
13935,1569.0
13936,1958.0
13937,1705.0
13938,1678.0
13939,1543.0
13940,1423.0
13941,1281.0
13942,1202.0
13943,1198.0
13944,1202.0
13945,888.0
13946,772.0
13947,873.0
13948,697.0
13949,729.0
13950,531.0
13951,493.0
13952,454.0
13953,592.0
13954,559.0
13955,496.0
13956,583.0
13957,674.0
13958,790.0
13959,844.0
13960,827.0
13961,879.0
13962,893.0
13963,942.0
13964,1137.0
13965,855.0
13966,844.0
13967,747.0
13968,715.0
13969,724.0
13970,765.0
13971,771.0
13972,713.0
13973,643.0
13974,631.0
13975,598.0
13976,567.0
13977,567.0
13978,592.0
13979,559.0
13980,568.0
13981,542.0
13982,465.0
13983,411.0
13984,394.0
13985,387.0
13986,377.0
13987,375.0
13988,358.0
13989,367.0
13990,461.0
13991,407.0
13992,315.0
13993,273.0
13994,249.0
13995,235.0
13996,221.0
13997,249.0
13998,280.0
13999,363.0
14000,2095.0
14001,2074.0
14002,2263.0
14003,2011.0
14004,1888.0
14005,1753.0
14006,1778.0
14007,1329.0
14008,1303.0
14009,1326.0
14010,1266.0
14011,1089.0
14012,1019.0
14013,1109.0
14014,911.0
14015,1032.0
14016,776.0
14017,794.0
14018,624.0
14019,516.0
14020,503.0
14021,493.0
14022,582.0
14023,537.0
14024,630.0
14025,719.0
14026,736.0
14027,851.0
14028,827.0
14029,948.0
14030,898.0
14031,766.0
14032,728.0
14033,734.0
14034,693.0
14035,680.0
14036,717.0
14037,632.0
14038,700.0
14039,765.0
14040,617.0
14041,596.0
14042,631.0
14043,617.0
14044,579.0
14045,561.0
14046,561.0
14047,560.0
14048,545.0
14049,514.0
14050,469.0
14051,410.0
14052,408.0
14053,390.0
14054,358.0
14055,360.0
14056,337.0
14057,344.0
14058,331.0
14059,329.0
14060,264.0
14061,254.0
14062,223.0
14063,229.0
14064,194.0
14065,239.0
14066,1994.0
14067,1920.0
14068,2232.0
14069,2291.0
14070,2075.0
14071,1889.0
14072,1467.0
14073,1257.0
14074,1207.0
14075,1169.0
14076,1119.0
14077,1404.0
14078,1188.0
14079,1118.0
14080,1058.0
14081,923.0
14082,930.0
14083,745.0
14084,625.0
14085,547.0
14086,530.0
14087,548.0
14088,618.0
14089,563.0
14090,609.0
14091,839.0
14092,839.0
14093,691.0
14094,810.0
14095,804.0
14096,773.0
14097,725.0
14098,796.0
14099,700.0
14100,767.0
14101,756.0
14102,772.0
14103,632.0
14104,621.0
14105,600.0
14106,574.0
14107,551.0
14108,591.0
14109,547.0
14110,543.0
14111,548.0
14112,553.0
14113,536.0
14114,520.0
14115,518.0
14116,473.0
14117,405.0
14118,398.0
14119,376.0
14120,376.0
14121,363.0
14122,340.0
14123,261.0
14124,309.0
14125,317.0
14126,326.0
14127,252.0
14128,173.0
14129,163.0
14130,1970.0
14131,1945.0
14132,1868.0
14133,2138.0
14134,2195.0
14135,1982.0
14136,1933.0
14137,1271.0
14138,1248.0
14139,1174.0
14140,1085.0
14141,1038.0
14142,1151.0
14143,1292.0
14144,1289.0
14145,988.0
14146,839.0
14147,710.0
14148,750.0
14149,595.0
14150,584.0
14151,577.0
14152,571.0
14153,591.0
14154,633.0
14155,748.0
14156,787.0
14157,842.0
14158,803.0
14159,860.0
14160,786.0
14161,860.0
14162,857.0
14163,759.0
14164,634.0
14165,667.0
14166,662.0
14167,614.0
14168,596.0
14169,595.0
14170,544.0
14171,530.0
14172,534.0
14173,565.0
14174,552.0
14175,581.0
14176,561.0
14177,577.0
14178,533.0
14179,496.0
14180,450.0
14181,423.0
14182,396.0
14183,372.0
14184,372.0
14185,370.0
14186,329.0
14187,309.0
14188,274.0
14189,278.0
14190,284.0
14191,272.0
14192,239.0
14193,167.0
14194,159.0
14195,2008.0
14196,2149.0
14197,2054.0
14198,1623.0
14199,1936.0
14200,2072.0
14201,1738.0
14202,1512.0
14203,1375.0
14204,1247.0
14205,1249.0
14206,1314.0
14207,1050.0
14208,1082.0
14209,1414.0
14210,1146.0
14211,969.0
14212,808.0
14213,657.0
14214,632.0
14215,589.0
14216,633.0
14217,588.0
14218,562.0
14219,535.0
14220,640.0
14221,748.0
14222,773.0
14223,881.0
14224,815.0
14225,930.0
14226,799.0
14227,837.0
14228,659.0
14229,647.0
14230,667.0
14231,615.0
14232,644.0
14233,547.0
14234,570.0
14235,520.0
14236,495.0
14237,537.0
14238,557.0
14239,563.0
14240,555.0
14241,558.0
14242,594.0
14243,600.0
14244,536.0
14245,500.0
14246,425.0
14247,403.0
14248,361.0
14249,375.0
14250,316.0
14251,314.0
14252,287.0
14253,283.0
14254,250.0
14255,244.0
14256,242.0
14257,193.0
14258,130.0
14259,148.0
14260,138.0
14261,1973.0
14262,2041.0
14263,2300.0
14264,1935.0
14265,1952.0
14266,2385.0
14267,1663.0
14268,1577.0
14269,1523.0
14270,1224.0
14271,1275.0
14272,1513.0
14273,1334.0
14274,1137.0
14275,1014.0
14276,1413.0
14277,1180.0
14278,1150.0
14279,614.0
14280,627.0
14281,601.0
14282,627.0
14283,606.0
14284,534.0
14285,524.0
14286,537.0
14287,665.0
14288,801.0
14289,781.0
14290,849.0
14291,890.0
14292,812.0
14293,681.0
14294,729.0
14295,584.0
14296,623.0
14297,646.0
14298,622.0
14299,613.0
14300,514.0
14301,485.0
14302,475.0
14303,461.0
14304,496.0
14305,578.0
14306,595.0
14307,650.0
14308,651.0
14309,614.0
14310,567.0
14311,577.0
14312,495.0
14313,452.0
14314,358.0
14315,353.0
14316,320.0
14317,302.0
14318,275.0
14319,266.0
14320,257.0
14321,189.0
14322,186.0
14323,181.0
14324,202.0
14325,113.0
14326,136.0
14327,131.0
14328,1938.0
14329,1769.0
14330,2007.0
14331,2359.0
14332,2081.0
14333,2116.0
14334,1789.0
14335,1641.0
14336,1635.0
14337,1304.0
14338,1239.0
14339,1357.0
14340,1268.0
14341,1277.0
14342,1038.0
14343,924.0
14344,1281.0
14345,1124.0
14346,1020.0
14347,618.0
14348,588.0
14349,579.0
14350,573.0
14351,478.0
14352,500.0
14353,519.0
14354,544.0
14355,730.0
14356,796.0
14357,698.0
14358,827.0
14359,764.0
14360,685.0
14361,620.0
14362,623.0
14363,594.0
14364,576.0
14365,592.0
14366,543.0
14367,551.0
14368,489.0
14369,476.0
14370,442.0
14371,431.0
14372,489.0
14373,592.0
14374,623.0
14375,663.0
14376,674.0
14377,641.0
14378,615.0
14379,592.0
14380,485.0
14381,367.0
14382,398.0
14383,336.0
14384,295.0
14385,282.0
14386,263.0
14387,247.0
14388,214.0
14389,171.0
14390,197.0
14391,138.0
14392,112.0
14393,1979.0
14394,2183.0
14395,1931.0
14396,1929.0
14397,2148.0
14398,2169.0
14399,1992.0
14400,1566.0
14401,1509.0
14402,1334.0
14403,1264.0
14404,1336.0
14405,1313.0
14406,1299.0
14407,1091.0
14408,888.0
14409,1081.0
14410,1435.0
14411,1192.0
14412,888.0
14413,606.0
14414,638.0
14415,566.0
14416,533.0
14417,497.0
14418,493.0
14419,518.0
14420,592.0
14421,795.0
14422,709.0
14423,808.0
14424,755.0
14425,702.0
14426,767.0
14427,582.0
14428,689.0
14429,729.0
14430,583.0
14431,537.0
14432,508.0
14433,510.0
14434,480.0
14435,437.0
14436,429.0
14437,456.0
14438,551.0
14439,551.0
14440,620.0
14441,653.0
14442,616.0
14443,598.0
14444,521.0
14445,459.0
14446,367.0
14447,385.0
14448,344.0
14449,324.0
14450,287.0
14451,256.0
14452,223.0
14453,200.0
14454,191.0
14456,109.0
14457,103.0
14458,1823.0
14459,2061.0
14460,2180.0
14461,1993.0
14462,2200.0
14463,2083.0
14464,1793.0
14465,1470.0
14466,1353.0
14467,1267.0
14468,976.0
14469,1259.0
14470,1259.0
14471,1053.0
14472,949.0
14473,1084.0
14474,1275.0
14475,1142.0
14476,1082.0
14477,884.0
14478,724.0
14479,616.0
14480,589.0
14481,542.0
14482,498.0
14483,507.0
14484,500.0
14485,547.0
14486,703.0
14487,811.0
14488,696.0
14489,657.0
14490,703.0
14491,781.0
14492,587.0
14493,577.0
14494,686.0
14495,570.0
14496,501.0
14497,488.0
14498,481.0
14499,438.0
14500,431.0
14501,444.0
14502,553.0
14503,555.0
14504,588.0
14505,644.0
14506,611.0
14507,603.0
14508,555.0
14509,380.0
14510,374.0
14511,351.0
14512,328.0
14513,328.0
14514,321.0
14515,292.0
14516,238.0
14517,172.0
14518,161.0
14519,104.0
14520,111.0
14521,101.0
14522,112.0
14523,2629.0
14524,1968.0
14525,2055.0
14526,1846.0
14527,2188.0
14528,1566.0
14529,1673.0
14530,1339.0
14531,1348.0
14532,1314.0
14533,1380.0
14534,886.0
14535,693.0
14536,1451.0
14537,1240.0
14538,1050.0
14539,1013.0
14540,1029.0
14541,827.0
14542,538.0
14543,538.0
14544,504.0
14545,453.0
14546,461.0
14547,484.0
14548,622.0
14549,676.0
14550,746.0
14551,686.0
14552,537.0
14553,665.0
14554,695.0
14555,616.0
14556,593.0
14557,600.0
14558,550.0
14559,502.0
14560,482.0
14561,449.0
14562,446.0
14563,442.0
14564,533.0
14565,566.0
14566,603.0
14567,614.0
14568,634.0
14569,599.0
14570,479.0
14571,390.0
14572,328.0
14573,271.0
14574,242.0
14575,314.0
14576,331.0
14577,308.0
14578,279.0
14579,175.0
14580,163.0
14581,185.0
14582,95.0
14583,110.0
14584,98.0
14585,125.0
14586,3347.0
14587,2523.0
14588,1291.0
14589,1875.0
14590,2064.0
14591,1569.0
14592,1398.0
14593,1232.0
14594,1323.0
14595,1307.0
14596,1290.0
14597,964.0
14598,1036.0
14599,938.0
14600,928.0
14601,750.0
14602,528.0
14603,545.0
14604,460.0
14605,486.0
14606,479.0
14607,488.0
14608,542.0
14609,613.0
14610,809.0
14611,554.0
14612,535.0
14613,591.0
14614,649.0
14615,733.0
14616,623.0
14617,665.0
14618,506.0
14619,480.0
14620,469.0
14621,428.0
14622,442.0
14623,437.0
14624,573.0
14625,687.0
14626,644.0
14627,612.0
14628,598.0
14629,607.0
14630,515.0
14631,387.0
14632,265.0
14633,308.0
14634,353.0
14635,344.0
14636,311.0
14637,275.0
14638,202.0
14639,164.0
14640,104.0
14641,79.0
14642,99.0
14643,121.0
14644,1990.0
14646,1461.0
14647,1424.0
14648,1171.0
14649,1124.0
14650,1153.0
14651,1242.0
14652,1157.0
14653,1043.0
14654,1156.0
14655,953.0
14656,990.0
14657,887.0
14658,903.0
14659,828.0
14660,586.0
14661,593.0
14662,505.0
14663,456.0
14664,550.0
14665,611.0
14666,783.0
14667,810.0
14668,837.0
14669,594.0
14670,563.0
14671,648.0
14672,583.0
14673,601.0
14674,559.0
14675,596.0
14676,493.0
14677,441.0
14678,444.0
14679,420.0
14680,441.0
14681,433.0
14682,620.0
14683,623.0
14684,570.0
14685,567.0
14686,568.0
14687,552.0
14688,545.0
14689,385.0
14690,337.0
14691,372.0
14692,312.0
14693,305.0
14694,282.0
14695,288.0
14696,228.0
14697,153.0
14698,81.0
14699,102.0
14700,119.0
14701,1005.0
14702,993.0
14703,1101.0
14704,1251.0
14705,1123.0
14706,1204.0
14707,1027.0
14708,859.0
14709,828.0
14710,786.0
14711,853.0
14712,798.0
14713,801.0
14714,559.0
14715,541.0
14716,631.0
14717,737.0
14718,830.0
14719,783.0
14720,652.0
14721,604.0
14722,639.0
14723,588.0
14724,600.0
14725,619.0
14726,543.0
14727,562.0
14728,484.0
14729,441.0
14730,433.0
14731,428.0
14732,437.0
14733,560.0
14734,639.0
14735,563.0
14736,545.0
14737,549.0
14738,520.0
14739,473.0
14740,396.0
14741,339.0
14742,401.0
14743,313.0
14744,306.0
14745,317.0
14746,246.0
14747,222.0
14748,210.0
14749,196.0
14750,82.0
14751,84.0
14752,109.0
14753,1032.0
14754,1296.0
14755,988.0
14756,1099.0
14757,921.0
14758,729.0
14759,825.0
14760,777.0
14761,836.0
14762,911.0
14763,907.0
14764,673.0
14765,617.0
14766,687.0
14767,862.0
14768,752.0
14769,652.0
14770,675.0
14771,538.0
14772,586.0
14773,591.0
14774,631.0
14775,551.0
14776,496.0
14777,577.0
14778,479.0
14779,437.0
14780,436.0
14781,410.0
14782,469.0
14783,585.0
14784,609.0
14785,538.0
14786,545.0
14787,506.0
14788,474.0
14789,356.0
14790,346.0
14791,357.0
14792,325.0
14793,300.0
14794,295.0
14795,241.0
14796,200.0
14797,199.0
14798,154.0
14799,80.0
14800,83.0
14801,1079.0
14802,1120.0
14803,1059.0
14804,996.0
14805,943.0
14806,745.0
14807,673.0
14808,635.0
14809,733.0
14810,769.0
14811,979.0
14812,860.0
14813,725.0
14814,712.0
14815,822.0
14816,728.0
14817,732.0
14818,676.0
14819,570.0
14820,547.0
14821,543.0
14822,539.0
14823,544.0
14824,544.0
14825,548.0
14826,523.0
14827,452.0
14828,442.0
14829,432.0
14830,451.0
14831,558.0
14832,570.0
14833,554.0
14834,556.0
14835,532.0
14836,487.0
14837,414.0
14838,450.0
14839,389.0
14840,362.0
14841,295.0
14842,292.0
14843,219.0
14844,189.0
14845,168.0
14846,154.0
14847,1191.0
14848,1116.0
14849,1110.0
14850,1178.0
14851,1255.0
14852,1056.0
14853,1193.0
14854,1143.0
14855,1097.0
14856,881.0
14857,740.0
14858,667.0
14859,628.0
14860,672.0
14861,712.0
14862,837.0
14863,832.0
14864,805.0
14865,783.0
14866,735.0
14867,639.0
14868,657.0
14869,596.0
14870,533.0
14871,520.0
14872,538.0
14873,539.0
14874,561.0
14875,546.0
14876,605.0
14877,449.0
14878,434.0
14879,428.0
14880,417.0
14881,472.0
14882,598.0
14883,532.0
14884,514.0
14885,530.0
14886,491.0
14887,478.0
14888,371.0
14889,352.0
14890,317.0
14891,333.0
14892,295.0
14893,246.0
14894,192.0
14895,167.0
14896,147.0
14897,1407.0
14898,1458.0
14899,1422.0
14900,1265.0
14901,1279.0
14902,1264.0
14903,1235.0
14904,1188.0
14905,1148.0
14906,890.0
14907,816.0
14908,675.0
14909,697.0
14910,625.0
14911,660.0
14912,638.0
14913,753.0
14914,796.0
14915,727.0
14916,602.0
14917,624.0
14918,675.0
14919,627.0
14920,558.0
14921,525.0
14922,575.0
14923,549.0
14924,527.0
14925,480.0
14926,476.0
14927,439.0
14928,431.0
14929,425.0
14930,410.0
14931,418.0
14932,464.0
14933,542.0
14934,503.0
14935,506.0
14936,487.0
14937,459.0
14938,403.0
14939,339.0
14940,329.0
14941,305.0
14942,269.0
14943,232.0
14944,214.0
14945,172.0
14946,149.0
14947,147.0
14949,1558.0
14950,1472.0
14951,1462.0
14952,1406.0
14953,1233.0
14954,1402.0
14955,1403.0
14956,1257.0
14957,1122.0
14958,910.0
14959,860.0
14960,648.0
14961,649.0
14962,658.0
14963,690.0
14964,607.0
14965,628.0
14966,739.0
14967,792.0
14968,677.0
14969,658.0
14970,636.0
14971,596.0
14972,482.0
14973,539.0
14974,548.0
14975,560.0
14976,575.0
14977,471.0
14978,446.0
14979,431.0
14980,433.0
14981,417.0
14982,407.0
14983,385.0
14984,480.0
14985,522.0
14986,417.0
14987,487.0
14988,464.0
14989,457.0
14990,383.0
14991,370.0
14992,343.0
14993,314.0
14994,216.0
14995,221.0
14996,180.0
14997,172.0
14998,138.0
14999,137.0
15000,125.0
15001,1293.0
15002,1642.0
15003,1395.0
15004,1294.0
15005,1288.0
15006,1307.0
15007,1673.0
15008,1286.0
15009,1158.0
15010,1070.0
15011,1107.0
15012,818.0
15013,690.0
15014,667.0
15015,608.0
15016,603.0
15017,625.0
15018,638.0
15019,678.0
15020,729.0
15021,652.0
15022,653.0
15023,643.0
15024,560.0
15025,547.0
15026,553.0
15027,515.0
15028,522.0
15029,453.0
15030,445.0
15031,438.0
15032,419.0
15033,417.0
15034,400.0
15035,392.0
15036,383.0
15037,453.0
15038,466.0
15039,487.0
15040,460.0
15041,423.0
15042,384.0
15043,371.0
15044,387.0
15045,333.0
15046,236.0
15047,196.0
15048,197.0
15049,167.0
15050,143.0
15051,122.0
15052,128.0
15053,113.0
15054,1348.0
15055,1455.0
15056,1266.0
15057,1320.0
15058,1281.0
15060,1561.0
15061,1267.0
15062,1232.0
15063,1047.0
15064,1092.0
15065,887.0
15066,868.0
15067,678.0
15068,619.0
15069,680.0
15070,768.0
15071,779.0
15072,702.0
15073,757.0
15074,711.0
15075,659.0
15076,647.0
15077,564.0
15078,537.0
15079,583.0
15080,507.0
15081,525.0
15082,442.0
15083,440.0
15084,411.0
15085,387.0
15086,395.0
15087,393.0
15088,373.0
15089,362.0
15090,408.0
15091,455.0
15092,479.0
15093,440.0
15094,350.0
15095,376.0
15096,371.0
15097,337.0
15098,271.0
15099,223.0
15100,217.0
15101,144.0
15102,176.0
15103,135.0
15104,124.0
15105,1213.0
15106,1644.0
15107,1469.0
15108,990.0
15109,1445.0
15110,1257.0
15111,1085.0
15112,1004.0
15113,1082.0
15114,884.0
15115,985.0
15116,877.0
15117,765.0
15118,711.0
15119,823.0
15120,781.0
15121,629.0
15122,622.0
15123,658.0
15124,733.0
15125,542.0
15126,540.0
15127,544.0
15128,514.0
15129,587.0
15130,473.0
15131,442.0
15132,419.0
15133,392.0
15134,387.0
15135,358.0
15136,346.0
15137,363.0
15138,337.0
15139,416.0
15140,481.0
15141,439.0
15142,413.0
15143,356.0
15144,352.0
15145,334.0
15146,291.0
15147,238.0
15148,220.0
15149,219.0
15150,220.0
15151,1858.0
15152,1897.0
15153,1647.0
15154,1460.0
15155,955.0
15156,1040.0
15157,1217.0
15158,1045.0
15159,890.0
15160,968.0
15161,1030.0
15162,923.0
15163,883.0
15164,775.0
15165,752.0
15166,670.0
15167,716.0
15168,664.0
15169,644.0
15170,798.0
15171,614.0
15172,566.0
15173,549.0
15174,558.0
15175,544.0
15176,604.0
15177,428.0
15178,433.0
15179,419.0
15180,382.0
15181,369.0
15182,355.0
15183,336.0
15184,336.0
15185,360.0
15186,416.0
15187,440.0
15188,403.0
15189,397.0
15190,357.0
15191,317.0
15192,290.0
15193,247.0
15194,180.0
15195,1666.0
15196,2074.0
15197,2018.0
15198,1643.0
15199,1572.0
15200,827.0
15201,1363.0
15202,1100.0
15203,889.0
15204,950.0
15205,802.0
15206,924.0
15207,873.0
15208,876.0
15209,810.0
15210,765.0
15211,794.0
15212,680.0
15213,688.0
15214,608.0
15215,584.0
15216,571.0
15217,555.0
15218,567.0
15219,524.0
15220,452.0
15221,425.0
15222,412.0
15223,399.0
15224,392.0
15225,364.0
15226,444.0
15227,373.0
15228,384.0
15229,387.0
15230,387.0
15231,375.0
15232,423.0
15233,423.0
15234,356.0
15235,298.0
15236,247.0
15238,1679.0
15239,1513.0
15240,1662.0
15243,1172.0
15244,1026.0
15245,986.0
15246,866.0
15247,862.0
15248,871.0
15249,909.0
15250,845.0
15251,892.0
15252,918.0
15253,871.0
15254,616.0
15255,707.0
15256,629.0
15257,632.0
15258,549.0
15259,563.0
15260,582.0
15261,438.0
15262,425.0
15263,421.0
15264,404.0
15265,406.0
15266,395.0
15267,481.0
15268,478.0
15269,442.0
15270,459.0
15271,432.0
15272,375.0
15273,347.0
15274,360.0
15275,346.0
15276,347.0
15277,276.0
15278,1725.0
15279,1937.0
15280,1610.0
15281,1707.0
15282,1173.0
15283,1160.0
15284,1144.0
15285,879.0
15286,963.0
15287,781.0
15288,991.0
15289,1099.0
15290,854.0
15291,817.0
15292,736.0
15293,760.0
15294,722.0
15295,670.0
15296,627.0
15297,613.0
15298,531.0
15299,602.0
15300,608.0
15301,415.0
15302,412.0
15303,417.0
15304,419.0
15305,403.0
15306,501.0
15307,437.0
15308,391.0
15309,380.0
15310,370.0
15311,418.0
15312,404.0
15313,369.0
15314,362.0
15315,348.0
15316,310.0
15317,244.0
15318,1868.0
15319,1794.0
15320,1710.0
15321,1289.0
15323,1298.0
15324,1125.0
15325,1024.0
15326,896.0
15327,999.0
15328,905.0
15329,949.0
15330,913.0
15331,765.0
15332,722.0
15333,661.0
15334,676.0
15335,689.0
15336,673.0
15337,625.0
15338,586.0
15339,632.0
15340,619.0
15341,480.0
15342,412.0
15343,412.0
15344,402.0
15345,389.0
15346,397.0
15347,478.0
15348,382.0
15349,417.0
15350,448.0
15351,425.0
15352,314.0
15353,334.0
15354,369.0
15355,369.0
15356,304.0
15357,246.0
15358,1610.0
15359,1659.0
15360,1350.0
15361,976.0
15362,1192.0
15363,1026.0
15364,1059.0
15365,999.0
15366,1037.0
15367,929.0
15368,953.0
15369,880.0
15370,718.0
15371,722.0
15372,722.0
15373,675.0
15374,726.0
15375,632.0
15376,583.0
15377,596.0
15378,574.0
15379,446.0
15380,452.0
15381,398.0
15382,415.0
15383,389.0
15384,410.0
15385,494.0
15386,398.0
15387,439.0
15388,438.0
15389,421.0
15390,461.0
15391,407.0
15392,361.0
15393,352.0
15394,295.0
15395,249.0
15396,1682.0
15397,1840.0
15398,1810.0
15399,1594.0
15401,838.0
15402,1115.0
15403,1047.0
15404,1055.0
15405,1009.0
15406,928.0
15407,937.0
15408,930.0
15409,908.0
15410,853.0
15411,727.0
15412,706.0
15413,674.0
15414,694.0
15415,652.0
15416,633.0
15417,623.0
15418,554.0
15419,439.0
15420,431.0
15421,422.0
15422,404.0
15423,399.0
15424,499.0
15425,404.0
15426,438.0
15427,408.0
15428,344.0
15429,379.0
15430,365.0
15431,358.0
15432,368.0
15433,300.0
15434,1219.0
15435,1646.0
15436,1871.0
15437,1746.0
15438,1274.0
15439,992.0
15440,982.0
15441,920.0
15442,941.0
15443,1005.0
15444,895.0
15445,1045.0
15446,1009.0
15447,882.0
15448,747.0
15449,737.0
15450,736.0
15451,639.0
15452,620.0
15453,604.0
15454,601.0
15455,599.0
15456,504.0
15457,453.0
15458,499.0
15459,432.0
15460,408.0
15461,505.0
15462,475.0
15463,460.0
15464,434.0
15465,423.0
15466,396.0
15467,369.0
15468,400.0
15469,338.0
15470,275.0
15471,190.0
15472,1735.0
15473,1562.0
15474,1768.0
15475,1057.0
15476,1082.0
15477,939.0
15478,926.0
15479,893.0
15480,1015.0
15481,992.0
15482,885.0
15483,935.0
15484,890.0
15485,764.0
15486,644.0
15487,645.0
15488,593.0
15489,613.0
15490,650.0
15491,621.0
15492,582.0
15493,507.0
15494,513.0
15495,524.0
15496,546.0
15497,480.0
15498,449.0
15499,476.0
15500,435.0
15501,492.0
15502,394.0
15503,422.0
15504,393.0
15505,311.0
15506,209.0
15507,184.0
15508,1327.0
15509,1831.0
15510,1899.0
15511,1675.0
15512,1243.0
15513,916.0
15514,1013.0
15515,970.0
15516,937.0
15517,947.0
15518,945.0
15519,921.0
15520,839.0
15521,963.0
15522,765.0
15523,645.0
15524,573.0
15525,516.0
15526,548.0
15527,539.0
15528,508.0
15529,524.0
15530,476.0
15531,466.0
15532,447.0
15533,451.0
15534,491.0
15535,455.0
15536,424.0
15537,389.0
15538,428.0
15539,313.0
15540,289.0
15541,210.0
15542,189.0
15543,182.0
15544,1504.0
15545,1460.0
15546,1872.0
15547,1646.0
15548,1285.0
15549,818.0
15550,943.0
15551,948.0
15552,937.0
15553,943.0
15554,932.0
15555,856.0
15556,957.0
15557,897.0
15558,893.0
15559,674.0
15560,594.0
15561,609.0
15562,528.0
15563,527.0
15564,505.0
15565,484.0
15566,451.0
15567,437.0
15568,467.0
15569,455.0
15570,418.0
15571,437.0
15572,451.0
15573,425.0
15574,373.0
15575,401.0
15576,354.0
15577,312.0
15578,249.0
15579,203.0
15580,185.0
15581,1264.0
15582,1342.0
15583,1546.0
15584,1609.0
15585,1362.0
15586,1405.0
15587,1386.0
15588,1086.0
15589,1097.0
15590,1057.0
15591,782.0
15592,836.0
15593,809.0
15594,898.0
15595,882.0
15596,791.0
15597,624.0
15598,599.0
15599,606.0
15600,542.0
15601,502.0
15602,458.0
15603,510.0
15604,494.0
15605,498.0
15606,441.0
15607,510.0
15608,438.0
15609,463.0
15610,384.0
15611,412.0
15612,330.0
15613,326.0
15614,275.0
15615,181.0
15616,933.0
15617,1166.0
15618,1271.0
15619,1583.0
15620,1288.0
15621,1259.0
15622,1118.0
15623,1054.0
15624,1338.0
15625,1293.0
15626,878.0
15627,765.0
15628,760.0
15629,746.0
15630,688.0
15631,804.0
15632,730.0
15633,727.0
15634,685.0
15635,660.0
15636,587.0
15637,591.0
15638,535.0
15639,599.0
15640,556.0
15641,517.0
15642,458.0
15643,464.0
15644,469.0
15645,465.0
15646,487.0
15647,459.0
15648,488.0
15649,317.0
15650,395.0
15651,371.0
15652,324.0
15653,281.0
15654,230.0
15655,1197.0
15656,1095.0
15657,944.0
15658,1189.0
15659,1429.0
15660,1283.0
15661,910.0
15662,711.0
15663,811.0
15664,799.0
15665,779.0
15666,857.0
15667,756.0
15668,769.0
15669,680.0
15670,651.0
15671,628.0
15672,550.0
15673,517.0
15674,595.0
15675,544.0
15676,457.0
15677,454.0
15678,463.0
15679,472.0
15680,485.0
15681,469.0
15682,493.0
15683,349.0
15684,339.0
15685,385.0
15686,330.0
15687,294.0
15688,270.0
15689,982.0
15690,1401.0
15691,1325.0
15692,1110.0
15693,737.0
15694,690.0
15695,584.0
15696,761.0
15697,690.0
15698,628.0
15699,578.0
15700,538.0
15701,483.0
15702,504.0
15703,480.0
15704,464.0
15705,487.0
15706,498.0
15707,438.0
15708,426.0
15709,385.0
15710,375.0
15711,317.0
15712,266.0
15713,1101.0
15714,1066.0
15716,550.0
15717,619.0
15718,550.0
15719,511.0
15720,494.0
15721,507.0
15722,470.0
15723,511.0
15724,527.0
15725,412.0
15726,431.0
15727,359.0
15728,365.0
15729,377.0
15730,257.0
15731,780.0
15732,834.0
15733,499.0
15734,593.0
15735,533.0
15736,512.0
15737,513.0
15738,503.0
15739,481.0
15740,544.0
15741,419.0
15742,382.0
15743,371.0
15744,328.0
15745,378.0
15746,319.0
15747,240.0
15748,529.0
15749,613.0
15750,517.0
15751,527.0
15752,541.0
15753,527.0
15754,487.0
15755,458.0
15756,464.0
15757,419.0
15758,366.0
15759,337.0
15760,367.0
15761,275.0
15762,266.0
15763,342.0
15764,606.0
15765,558.0
15766,498.0
15767,510.0
15768,516.0
15769,475.0
15770,481.0
15771,453.0
15772,488.0
15773,415.0
15774,347.0
15775,338.0
15776,317.0
15777,282.0
15778,593.0
15779,584.0
15780,528.0
15781,515.0
15782,528.0
15783,511.0
15784,519.0
15785,471.0
15786,473.0
15787,466.0
15788,438.0
15789,364.0
15790,349.0
15791,293.0
15792,266.0
15793,602.0
15794,619.0
15795,568.0
15796,507.0
15797,502.0
15798,515.0
15799,512.0
15800,467.0
15801,466.0
15802,427.0
15803,408.0
15804,334.0
15805,327.0
15806,287.0
15807,556.0
15808,572.0
15809,573.0
15810,511.0
15811,484.0
15812,481.0
15813,471.0
15814,446.0
15815,438.0
15816,416.0
15817,408.0
15818,375.0
15819,532.0
15820,549.0
15821,628.0
15822,571.0
15823,467.0
15824,489.0
15825,485.0
15826,438.0
15827,419.0
15828,419.0
15829,394.0
15830,360.0
15831,552.0
15832,616.0
15833,639.0
15834,655.0
15835,688.0
15836,615.0
15837,578.0
15838,619.0
15839,603.0
15840,503.0
15841,485.0
15842,429.0
15843,478.0
15844,424.0
15845,419.0
15846,372.0
15847,320.0
15848,608.0
15849,671.0
15850,708.0
15851,700.0
15852,743.0
15853,674.0
15854,718.0
15855,601.0
15856,567.0
15857,595.0
15858,569.0
15859,607.0
15860,610.0
15861,584.0
15862,481.0
15863,464.0
15864,426.0
15865,452.0
15866,446.0
15867,421.0
15868,446.0
15869,321.0
15870,311.0
15871,655.0
15872,687.0
15873,709.0
15874,681.0
15875,760.0
15876,736.0
15877,763.0
15878,720.0
15879,676.0
15880,668.0
15881,656.0
15882,612.0
15883,601.0
15884,600.0
15885,568.0
15886,520.0
15887,480.0
15888,440.0
15889,477.0
15890,421.0
15891,428.0
15892,396.0
15893,383.0
15894,329.0
15895,610.0
15896,677.0
15897,760.0
15898,766.0
15899,811.0
15900,822.0
15901,848.0
15902,633.0
15903,649.0
15904,606.0
15905,586.0
15906,621.0
15907,621.0
15908,583.0
15909,592.0
15910,542.0
15911,513.0
15912,466.0
15913,461.0
15914,406.0
15915,426.0
15916,423.0
15917,407.0
15918,334.0
15919,571.0
15920,576.0
15921,745.0
15922,722.0
15923,691.0
15924,587.0
15925,543.0
15926,517.0
15927,611.0
15928,642.0
15929,617.0
15930,581.0
15931,572.0
15932,572.0
15933,550.0
15934,530.0
15935,466.0
15936,441.0
15937,435.0
15938,388.0
15939,346.0
15940,257.0
15941,557.0
15942,531.0
15943,565.0
15944,603.0
15945,628.0
15946,585.0
15947,565.0
15948,539.0
15949,560.0
15950,541.0
15951,546.0
15952,518.0
15953,480.0
15954,412.0
15955,342.0
15956,355.0
15957,535.0
15958,644.0
15959,586.0
15960,506.0
15961,553.0
15962,563.0
15963,560.0
15964,537.0
15965,532.0
15966,456.0
15967,328.0
15968,342.0
15969,275.0
15970,442.0
15971,648.0
15972,599.0
15973,526.0
15974,541.0
15975,555.0
15976,543.0
15977,571.0
15978,529.0
15979,446.0
15980,345.0
15981,349.0
15982,560.0
15983,598.0
15984,553.0
15985,596.0
15986,561.0
15987,563.0
15988,558.0
15989,548.0
15990,517.0
15991,349.0
15992,362.0
15993,332.0
15994,493.0
15995,579.0
15996,602.0
15997,569.0
15998,483.0
15999,549.0
16000,466.0
16001,429.0
16002,344.0
16003,358.0
16004,319.0
16005,571.0
16006,556.0
16007,552.0
16008,469.0
16009,373.0
16010,350.0
16011,373.0
16012,404.0
16013,366.0
16014,448.0
16015,444.0
16016,331.0
16017,356.0
16018,396.0
16019,373.0
16020,443.0
16021,345.0
16022,386.0
16023,348.0
16024,305.0
16025,1673.0
16026,2799.0
16027,2325.0
16028,1849.0
16029,1529.0
16030,797.0
16031,1037.0
16032,1642.0
16033,2842.0
16034,1491.0
16035,1061.0
16036,587.0
16037,1570.0
16038,1491.0
16039,1580.0
16040,1323.0
16041,1475.0
16042,1378.0
16043,1066.0
16044,3047.0
16045,2265.0
16046,2106.0
16047,1868.0
16048,1267.0
16049,1196.0
16050,1566.0
16051,2919.0
16052,2092.0
16053,2008.0
16054,611.0
16055,1582.0
16056,1426.0
16057,1556.0
16058,1830.0
16059,2894.0
16060,2348.0
16061,1870.0
16062,1312.0
16063,1495.0
16064,1937.0
16065,2376.0
16066,1575.0
16067,1620.0
16068,971.0
16069,1243.0
16070,1607.0
16071,1458.0
16072,1147.0
16073,2032.0
16074,3312.0
16075,3034.0
16076,1971.0
16077,1454.0
16078,1905.0
16079,2953.0
16080,3319.0
16081,1275.0
16083,810.0
16084,1523.0
16085,1290.0
16086,1393.0
16087,3123.0
16088,2661.0
16089,2951.0
16090,3105.0
16091,2265.0
16092,2084.0
16093,3681.0
16094,2703.0
16095,1726.0
16096,1498.0
16097,1196.0
16098,1272.0
16099,2037.0
16100,2138.0
16101,1458.0
16102,2950.0
16103,3036.0
16104,2358.0
16105,3587.0
16106,1924.0
16107,971.0
16108,1380.0
16109,1205.0
16111,1332.0
16112,2968.0
16113,2021.0
16114,2306.0
16115,3136.0
16116,2621.0
16117,4042.0
16118,3949.0
16119,1195.0
16120,1247.0
16121,1227.0
16122,1136.0
16123,3438.0
16124,2782.0
16125,1632.0
16126,1758.0
16127,3362.0
16128,2626.0
16129,1216.0
16130,1206.0
16131,1195.0
16132,896.0
16133,1867.0
16134,3205.0
16135,2355.0
16136,2499.0
16137,3439.0
16138,1511.0
16139,2751.0
16140,916.0
16141,981.0
16142,1192.0
16143,1357.0
16144,1372.0
16145,982.0
16146,842.0
16147,2800.0
16148,2565.0
16149,3261.0
16150,2534.0
16151,2022.0
16152,1429.0
16153,1131.0
16154,1038.0
16155,1065.0
16156,1240.0
16157,1066.0
16158,1022.0
16159,1383.0
16160,1542.0
16161,1877.0
16162,1847.0
16163,2228.0
16164,2237.0
16165,1665.0
16166,806.0
16167,2561.0
16168,2291.0
16169,2821.0
16170,2081.0
16171,2444.0
16172,1931.0
16173,1294.0
16174,1046.0
16175,1091.0
16176,1188.0
16177,1059.0
16178,1298.0
16179,1176.0
16180,1157.0
16181,1136.0
16182,1807.0
16183,1275.0
16184,1529.0
16185,1770.0
16186,1260.0
16187,1825.0
16188,1987.0
16189,1225.0
16190,2656.0
16191,2473.0
16192,3770.0
16193,2760.0
16194,1419.0
16195,1271.0
16196,1509.0
16197,1620.0
16198,1511.0
16199,1056.0
16200,1341.0
16201,1491.0
16202,1263.0
16203,619.0
16204,2775.0
16205,2043.0
16206,3174.0
16207,2992.0
16208,1753.0
16209,1669.0
16210,1861.0
16211,1635.0
16212,1553.0
16213,2725.0
16214,2275.0
16216,3691.0
16217,3164.0
16218,4314.0
16219,2056.0
16220,2139.0
16221,3118.0
16222,2299.0
16223,1589.0
16224,1033.0
16225,3343.0
16226,3271.0
16227,4071.0
16228,3923.0
16229,3271.0
16230,2178.0
16231,794.0
16232,2368.0
16233,3825.0
16234,3674.0
16235,3608.0
16236,3794.0
16237,2352.0
16238,3057.0
16239,3950.0
16240,4363.0
16241,4906.0
16242,3611.0
16243,1892.0
16244,2770.0
16245,2545.0
16246,3263.0
16247,3213.0
16248,3957.0
16249,4386.0
16250,2700.0
16251,1950.0
16252,2107.0
16253,2684.0
16254,2704.0
16255,3241.0
16256,2796.0
16257,1578.0
16258,1186.0
16259,1837.0
16260,2691.0
16261,2937.0
16262,2604.0
16263,1857.0
16264,1755.0
16265,1314.0
16266,2024.0
16267,2445.0
16268,2374.0
16269,1942.0
16270,1328.0
16271,968.0
16272,1372.0
16273,1646.0
16274,1954.0
16275,1772.0
16276,1282.0
16277,1383.0
16278,1939.0
16279,2013.0
16280,1294.0
16281,2168.0
16282,2056.0
16283,2074.0
16284,1169.0
16285,2207.0
16286,3612.0
16287,2023.0
16288,1245.0
16289,3906.0
16290,3716.0
16291,3413.0
16292,3085.0
16293,2271.0
16294,3188.0
16295,2090.0
16296,1825.0
16297,3182.0
16298,2766.0
16299,1753.0
16300,2348.0
16301,1278.0
16302,1372.0
16303,2079.0
16304,1881.0
16305,1751.0
16306,1199.0
16307,389.0
16308,634.0
16309,1008.0
16310,1267.0
16311,558.0
16312,979.0
16313,1487.0
16314,1086.0
16315,997.0
16316,2074.0
16317,557.0
16318,1027.0
16319,1683.0
16320,721.0
16321,1669.0
16322,751.0
16323,1057.0
16324,1851.0
16325,543.0
16326,995.0
16327,1870.0
16328,338.0
16329,787.0
16330,2034.0
16331,245.0
16332,458.0
16333,1622.0
16334,306.0
16335,1258.0
16336,841.0
16337,668.0
16338,424.0
16339,574.0
16340,418.0
16341,467.0
16342,701.0
16343,904.0
16344,1150.0
16345,1532.0
16346,1430.0
16347,883.0
16348,713.0
16349,734.0
16350,753.0
16351,793.0
16352,841.0
16353,846.0
16354,835.0
16355,842.0
16356,1183.0
16357,1574.0
16358,1282.0
16359,1021.0
16360,1052.0
16361,1126.0
16362,1011.0
16363,976.0
16364,923.0
16365,1119.0
16366,1273.0
16367,1329.0
16368,1468.0
16369,1430.0
16370,1370.0
16371,1165.0
16372,1042.0
16373,1095.0
16374,1204.0
16375,1275.0
16376,1529.0
16377,1240.0
16378,1306.0
16379,1620.0
16380,1956.0
16381,2008.0
16382,1830.0
16383,1938.0
16384,1053.0
16385,352.0
16386,607.0
16387,625.0
16388,474.0
16389,678.0
16390,811.0
16391,1073.0
16392,1208.0
16393,1505.0
16394,927.0
16395,714.0
16396,709.0
16397,759.0
16398,927.0
16399,940.0
16400,937.0
16401,928.0
16402,879.0
16403,874.0
16404,1156.0
16405,1387.0
16406,1286.0
16407,1214.0
16408,1154.0
16409,1099.0
16410,968.0
16411,958.0
16412,954.0
16413,1028.0
16414,1124.0
16415,1259.0
16416,1420.0
16417,1471.0
16418,1422.0
16419,1468.0
16420,1221.0
16421,1435.0
16422,1492.0
16423,1514.0
16424,1396.0
16425,1440.0
16426,1494.0
16427,1762.0
16428,2491.0
16429,2311.0
16430,664.0
16431,680.0
16432,718.0
16433,528.0
16434,664.0
16435,687.0
16436,1137.0
16437,910.0
16438,944.0
16439,816.0
16440,668.0
16441,639.0
16442,812.0
16443,912.0
16444,929.0
16445,922.0
16446,945.0
16447,920.0
16448,1082.0
16449,1340.0
16450,1296.0
16451,1351.0
16452,1298.0
16453,1274.0
16454,1239.0
16455,1173.0
16456,1171.0
16457,1161.0
16458,1120.0
16459,1140.0
16460,1208.0
16461,1367.0
16462,1678.0
16463,1571.0
16464,1600.0
16465,1401.0
16466,1457.0
16467,1662.0
16468,1666.0
16469,1497.0
16470,1660.0
16471,2049.0
16472,1657.0
16473,2703.0
16474,2369.0
16475,765.0
16476,841.0
16477,589.0
16478,723.0
16479,697.0
16480,919.0
16481,915.0
16482,580.0
16483,570.0
16484,821.0
16485,797.0
16486,772.0
16487,849.0
16488,924.0
16489,914.0
16490,953.0
16491,904.0
16492,1010.0
16493,1216.0
16494,1357.0
16495,1169.0
16496,1171.0
16497,1212.0
16498,1241.0
16499,1319.0
16500,1355.0
16501,1262.0
16502,1338.0
16503,1349.0
16504,1373.0
16505,1499.0
16506,1747.0
16507,1720.0
16508,1608.0
16509,1602.0
16510,1520.0
16511,2154.0
16512,2409.0
16513,1958.0
16514,2069.0
16515,1843.0
16516,2056.0
16517,2189.0
16518,1749.0
16519,997.0
16520,996.0
16521,561.0
16522,745.0
16523,826.0
16524,749.0
16525,963.0
16526,755.0
16527,966.0
16528,947.0
16529,886.0
16530,741.0
16531,778.0
16532,707.0
16533,896.0
16534,899.0
16535,1021.0
16536,925.0
16537,973.0
16538,1024.0
16539,1198.0
16540,1390.0
16541,1583.0
16542,1633.0
16543,1704.0
16544,1765.0
16545,1875.0
16546,1622.0
16547,1498.0
16548,1694.0
16549,1672.0
16550,1949.0
16551,1772.0
16552,1597.0
16553,1632.0
16554,1793.0
16555,2289.0
16556,2295.0
16557,1554.0
16558,1822.0
16559,1505.0
16560,1684.0
16561,1889.0
16562,858.0
16563,1083.0
16564,601.0
16565,994.0
16566,420.0
16567,524.0
16568,606.0
16569,734.0
16570,1034.0
16571,1101.0
16572,732.0
16573,551.0
16574,761.0
16575,756.0
16576,757.0
16577,891.0
16578,938.0
16579,970.0
16580,1000.0
16581,985.0
16582,1121.0
16583,1375.0
16584,1705.0
16585,1659.0
16586,1739.0
16587,1777.0
16588,1807.0
16589,1862.0
16590,1823.0
16591,1741.0
16592,1662.0
16593,1765.0
16594,2019.0
16595,1937.0
16596,1791.0
16597,1834.0
16598,2549.0
16599,2100.0
16600,1913.0
16601,1948.0
16602,1672.0
16603,1752.0
16604,1677.0
16605,798.0
16606,1008.0
16607,600.0
16608,978.0
16609,439.0
16610,406.0
16611,882.0
16612,867.0
16613,1110.0
16614,827.0
16615,565.0
16616,592.0
16617,708.0
16618,732.0
16619,758.0
16620,853.0
16621,855.0
16622,886.0
16623,960.0
16624,1039.0
16625,1136.0
16626,1170.0
16627,1439.0
16628,1815.0
16629,1766.0
16630,1837.0
16631,1808.0
16632,1835.0
16633,2333.0
16634,2363.0
16635,2538.0
16636,1922.0
16637,2566.0
16638,2608.0
16639,2709.0
16640,2239.0
16641,2169.0
16642,2281.0
16643,2924.0
16644,2600.0
16645,2218.0
16646,1541.0
16647,797.0
16648,806.0
16649,903.0
16650,814.0
16651,742.0
16652,362.0
16653,592.0
16654,634.0
16655,870.0
16656,637.0
16657,552.0
16658,547.0
16659,607.0
16660,700.0
16661,748.0
16662,732.0
16663,732.0
16664,786.0
16665,792.0
16666,977.0
16667,1087.0
16668,1086.0
16669,1120.0
16670,1366.0
16671,1706.0
16672,1783.0
16673,1801.0
16674,1666.0
16675,2845.0
16676,3537.0
16677,2759.0
16678,3054.0
16679,2711.0
16680,2872.0
16681,2812.0
16682,3211.0
16683,2722.0
16684,2336.0
16685,2152.0
16686,2946.0
16687,2453.0
16688,1115.0
16689,799.0
16690,722.0
16691,1034.0
16692,707.0
16693,721.0
16694,675.0
16695,459.0
16696,462.0
16697,448.0
16698,481.0
16699,494.0
16700,482.0
16701,538.0
16702,590.0
16703,622.0
16704,624.0
16705,643.0
16706,744.0
16707,718.0
16708,873.0
16709,995.0
16710,1096.0
16711,1089.0
16712,1256.0
16713,1424.0
16714,1675.0
16715,1728.0
16716,2135.0
16717,2855.0
16718,2828.0
16720,1946.0
16721,3162.0
16722,2580.0
16723,1006.0
16724,984.0
16725,671.0
16726,1008.0
16727,724.0
16728,598.0
16729,784.0
16730,420.0
16731,415.0
16732,435.0
16733,452.0
16734,485.0
16735,458.0
16736,460.0
16737,515.0
16738,556.0
16739,560.0
16740,538.0
16741,629.0
16742,675.0
16743,878.0
16744,910.0
16745,924.0
16746,1118.0
16747,1528.0
16748,1652.0
16749,1621.0
16750,1563.0
16751,2028.0
16752,2556.0
16753,2166.0
16754,860.0
16755,888.0
16756,912.0
16757,672.0
16758,598.0
16759,415.0
16760,465.0
16761,360.0
16762,407.0
16763,434.0
16764,450.0
16765,494.0
16766,465.0
16767,464.0
16768,478.0
16769,467.0
16770,507.0
16771,550.0
16772,565.0
16773,673.0
16774,768.0
16775,842.0
16776,1072.0
16777,1168.0
16778,1507.0
16779,1865.0
16780,1738.0
16781,2543.0
16782,3173.0
16783,2426.0
16784,706.0
16785,643.0
16786,675.0
16787,518.0
16788,501.0
16789,372.0
16790,423.0
16791,389.0
16792,455.0
16793,437.0
16794,451.0
16795,476.0
16796,458.0
16797,457.0
16798,464.0
16799,474.0
16800,465.0
16801,432.0
16802,519.0
16803,635.0
16804,710.0
16805,964.0
16806,1150.0
16807,1292.0
16808,1539.0
16809,1916.0
16810,2132.0
16811,1226.0
16812,612.0
16813,838.0
16814,621.0
16815,433.0
16816,416.0
16817,391.0
16818,346.0
16819,409.0
16820,437.0
16821,405.0
16822,443.0
16823,470.0
16824,465.0
16825,433.0
16826,485.0
16827,507.0
16828,581.0
16829,536.0
16830,589.0
16831,716.0
16832,781.0
16833,1009.0
16834,1010.0
16835,1057.0
16836,1014.0
16837,792.0
16838,871.0
16839,624.0
16840,473.0
16841,383.0
16842,414.0
16843,288.0
16844,450.0
16845,475.0
16846,478.0
16847,499.0
16848,456.0
16849,499.0
16850,465.0
16851,471.0
16852,464.0
16853,584.0
16854,771.0
16855,832.0
16856,805.0
16857,741.0
16858,797.0
16859,729.0
16860,799.0
16861,658.0
16862,503.0
16863,350.0
16864,323.0
16865,399.0
16866,376.0
16867,358.0
16868,471.0
16869,522.0
16870,684.0
16871,462.0
16872,514.0
16873,457.0
16874,483.0
16875,505.0
16876,711.0
16877,757.0
16878,672.0
16879,749.0
16880,808.0
16881,564.0
16882,271.0
16883,270.0
16884,314.0
16885,302.0
16886,391.0
16887,406.0
16888,493.0
16889,650.0
16890,533.0
16891,484.0
16892,537.0
16893,525.0
16894,527.0
16895,552.0
16896,724.0
16897,589.0
16898,307.0
16899,248.0
16900,318.0
16901,320.0
16902,376.0
16903,427.0
16904,459.0
16905,521.0
16906,521.0
16907,493.0
16908,499.0
16909,561.0
16910,563.0
16911,690.0
16912,609.0
16913,541.0
16914,249.0
16915,270.0
16916,296.0
16917,394.0
16918,385.0
16919,417.0
16920,495.0
16921,425.0
16922,690.0
16923,541.0
16924,273.0
16925,258.0
16926,387.0
16927,310.0
16928,364.0
16929,236.0
16930,407.0
16931,434.0
16932,715.0
16933,571.0
16934,357.0
16935,352.0
16936,320.0
16937,373.0
16938,331.0
16939,313.0
16940,369.0
16941,686.0
16942,550.0
16943,526.0
16944,288.0
16945,370.0
16946,371.0
16947,367.0
16948,392.0
16949,311.0
16950,553.0
16951,542.0
16952,525.0
16953,628.0
16954,280.0
16955,325.0
16956,385.0
16957,366.0
16958,378.0
16959,545.0
16960,536.0
16961,537.0
16962,542.0
16963,359.0
16964,295.0
16965,312.0
16966,357.0
16967,369.0
16968,265.0
16969,510.0
16970,505.0
16971,538.0
16972,368.0
16973,245.0
16974,291.0
16975,349.0
16976,454.0
16977,449.0
16978,425.0
16979,239.0
16980,288.0
16981,309.0
16982,310.0
16983,387.0
16984,463.0
16985,272.0
16986,216.0
16987,325.0
16988,343.0
16989,315.0
16990,372.0
16991,311.0
16992,274.0
16993,226.0
16994,304.0
16995,326.0
16996,334.0
16997,236.0
16998,379.0
16999,344.0
17000,382.0
17001,209.0
17002,297.0
17003,323.0
17004,316.0
17005,386.0
17006,412.0
17007,324.0
17008,291.0
17009,352.0
17010,327.0
17011,427.0
17012,573.0
17013,324.0
17014,321.0
17015,264.0
17016,370.0
17017,499.0
17018,478.0
17019,346.0
17020,312.0
17021,418.0
17022,544.0
17023,436.0
17024,330.0
17025,374.0
17026,547.0
17027,393.0
17028,309.0
17029,357.0
17030,365.0
17031,417.0
17032,190.0
17033,326.0
17034,353.0
17035,460.0
17036,449.0
17037,250.0
17038,296.0
17039,336.0
17040,414.0
17041,317.0
17042,340.0
17043,270.0
17683,1262.0
17684,968.0
17685,911.0
17686,1161.0
17687,1166.0
17688,1016.0
17689,1096.0
17690,887.0
17692,986.0
17693,999.0
17694,1207.0
17695,1280.0
17696,1478.0
17697,1328.0
17698,1067.0
17699,817.0
17700,777.0
17701,735.0
17702,812.0
17703,1060.0
17704,1081.0
17705,911.0
17706,443.0
17707,1059.0
17708,1155.0
17709,1168.0
17710,1006.0
17711,1115.0
17712,1230.0
17713,1202.0
17714,969.0
17715,947.0
17716,750.0
17717,819.0
17718,981.0
17719,929.0
17720,808.0
17721,885.0
17722,1002.0
17723,954.0
17724,1020.0
17725,917.0
17726,953.0
17727,879.0
17728,864.0
17729,645.0
17730,836.0
17731,924.0
17732,850.0
17733,763.0
17734,767.0
17735,887.0
17736,944.0
17737,837.0
17738,578.0
17739,716.0
17740,830.0
17741,772.0
17742,833.0
17743,850.0
17744,1046.0
17745,1147.0
17746,1066.0
17747,1031.0
17748,953.0
17749,755.0
17750,766.0
17751,862.0
17752,1274.0
17753,1120.0
17754,1022.0
17755,1051.0
17756,1164.0
17757,1517.0
17758,1434.0
17759,1202.0
17760,1021.0
17761,878.0
17762,841.0
17763,861.0
17764,880.0
17765,874.0
17766,1118.0
17767,1275.0
17768,1279.0
17769,1222.0
17770,1490.0
17771,1729.0
17772,1444.0
17773,1425.0
17774,1501.0
17775,1246.0
17776,1088.0
17777,1041.0
17778,1251.0
17779,2317.0
17780,957.0
17781,952.0
17782,1181.0
17783,1451.0
17784,1439.0
17785,1378.0
17786,1663.0
17787,1834.0
17788,1693.0
17789,1528.0
17790,1781.0
17791,1769.0
17792,1749.0
17793,1836.0
17794,1989.0
17795,3221.0
17796,2262.0
17797,1767.0
17799,1012.0
17800,1688.0
17801,1828.0
17802,1942.0
17803,2659.0
17804,2384.0
17805,2632.0
17806,2773.0
17807,2673.0
17808,2701.0
17809,2943.0
17810,2784.0
17811,2292.0
17812,3002.0
17813,3156.0
17814,3150.0
17815,1608.0
17816,906.0
17817,1814.0
17818,2215.0
17819,2757.0
17820,2158.0
17821,2389.0
17822,2391.0
17823,2766.0
17824,3147.0
17825,3271.0
17826,3154.0
17827,2731.0
17828,2701.0
17829,2660.0
17830,3249.0
17831,3223.0
17832,2012.0
17833,2525.0
18976,2484.0
18977,3998.0
18978,3535.0
18979,2336.0
18980,1916.0
18981,1561.0
18982,1362.0
18983,1118.0
18984,2645.0
18985,2889.0
18986,3095.0
18987,2893.0
18988,1750.0
18989,1165.0
18990,1339.0
18991,1554.0
18992,1661.0
18993,1254.0
18994,1659.0
18995,1999.0
18996,2203.0
18997,2540.0
18998,2789.0
18999,2728.0
19000,2548.0
19001,2529.0
19002,2456.0
19003,2311.0
19004,2876.0
19005,2365.0
19006,2601.0
19007,2839.0
19008,2152.0
19009,1692.0
19010,1466.0
19011,1447.0
19012,1425.0
19013,1509.0
19014,1913.0
19015,3771.0
19016,3954.0
19017,2749.0
19018,1977.0
19019,1597.0
19020,1564.0
19021,1337.0
19022,1979.0
19023,2752.0
19024,2851.0
19025,2984.0
19026,3219.0
19027,2144.0
19028,1139.0
19029,2050.0
19030,1329.0
19031,1418.0
19032,934.0
19033,1296.0
19034,1411.0
19035,1255.0
19036,1828.0
19037,2861.0
19038,2829.0
19039,2694.0
19040,2315.0
19041,2828.0
19042,2825.0
19043,2928.0
19044,2618.0
19045,2248.0
19046,2545.0
19047,2492.0
19048,2316.0
19049,2136.0
19050,1806.0
19051,1785.0
19052,1600.0
19053,3614.0
19054,3775.0
19055,2831.0
19056,1785.0
19057,1954.0
19058,1584.0
19059,1475.0
19060,2036.0
19061,1887.0
19062,2617.0
19063,2741.0
19064,2779.0
19065,1497.0
19066,1622.0
19067,2564.0
19068,2549.0
19069,1241.0
19070,1144.0
19071,970.0
19072,898.0
19073,1064.0
19074,1236.0
19075,1399.0
19076,3044.0
19077,3070.0
19078,2924.0
19079,2414.0
19080,2774.0
19081,3129.0
19082,3217.0
19083,2397.0
19084,2301.0
19085,2119.0
19086,2511.0
19087,2458.0
19088,2024.0
19089,1579.0
19090,2036.0
19091,2071.0
19092,3682.0
19093,4087.0
19094,1794.0
19095,1779.0
19096,1661.0
19097,1514.0
19098,1292.0
19099,1216.0
19100,1536.0
19101,2306.0
19102,1516.0
19103,1415.0
19104,1613.0
19105,2128.0
19106,2274.0
19107,2648.0
19108,1136.0
19109,1037.0
19110,1208.0
19111,970.0
19112,1082.0
19113,1398.0
19114,1357.0
19115,2053.0
19116,3420.0
19117,2909.0
19118,2741.0
19119,2789.0
19120,3014.0
19121,2700.0
19122,2471.0
19123,2310.0
19124,1904.0
19125,1679.0
19126,1932.0
19127,2079.0
19128,2213.0
19129,2051.0
19130,1800.0
19131,2580.0
19132,3716.0
19133,2809.0
19134,1765.0
19135,1576.0
19136,1567.0
19137,1443.0
19138,1169.0
19139,1417.0
19140,893.0
19141,1005.0
19142,1491.0
19143,1733.0
19144,1593.0
19145,1190.0
19146,1247.0
19147,1332.0
19148,1108.0
19149,1324.0
19150,1524.0
19151,2250.0
19152,2959.0
19153,3296.0
19154,2651.0
19155,2499.0
19156,2641.0
19157,2389.0
19158,2024.0
19159,2090.0
19160,2580.0
19161,2161.0
19162,2208.0
19163,1757.0
19164,2085.0
19165,1796.0
19166,1665.0
19168,1877.0
19169,2569.0
19170,1332.0
19171,1435.0
19172,1671.0
19173,1283.0
19174,847.0
19175,992.0
19176,1237.0
19177,945.0
19178,1096.0
19179,1509.0
19180,1350.0
19181,1420.0
19182,1608.0
19183,1666.0
19184,1819.0
19185,2734.0
19186,3191.0
19187,2152.0
19188,2466.0
19189,2044.0
19190,2117.0
19191,2014.0
19192,2061.0
19193,2006.0
19194,2292.0
19195,2617.0
19196,2321.0
19197,1775.0
19198,1885.0
19199,2056.0
19200,1632.0
19201,2572.0
19202,2503.0
19203,1556.0
19204,1026.0
19205,1559.0
19206,1489.0
19207,894.0
19208,995.0
19209,999.0
19210,1520.0
19211,1116.0
19212,1139.0
19213,1334.0
19214,2302.0
19215,2770.0
19216,2329.0
19217,2831.0
19218,2637.0
19219,931.0
19220,1595.0
19221,2005.0
19222,2213.0
19223,1943.0
19224,1875.0
19225,2185.0
19226,2356.0
19227,2358.0
19228,1772.0
19229,1792.0
19230,1987.0
19231,1828.0
19232,2574.0
19233,2349.0
19234,685.0
19235,873.0
19236,1336.0
19237,1293.0
19238,1837.0
19239,1531.0
19240,1552.0
19241,2469.0
19242,3335.0
19243,3023.0
19244,3077.0
19245,1342.0
19246,1119.0
19247,2329.0
19248,1993.0
19249,1933.0
19250,1825.0
19251,1906.0
19252,2143.0
19253,1921.0
19254,1742.0
19255,1704.0
19256,2013.0
19257,3033.0
19258,3205.0
19259,863.0
19260,2295.0
19261,3213.0
19262,2911.0
19263,2039.0
19264,2638.0
19265,3353.0
19266,3595.0
19267,3055.0
19268,1467.0
19269,2125.0
19270,1945.0
19271,2234.0
19272,1913.0
19273,2069.0
19274,2146.0
19275,1822.0
19276,1647.0
19277,1816.0
19278,2081.0
19279,3051.0
19280,1495.0
19281,2994.0
19282,3614.0
19283,3016.0
19284,2904.0
19285,3507.0
19286,3180.0
19287,1584.0
19288,2110.0
19289,3221.0
19290,2082.0
19291,1644.0
19292,2063.0
19293,2001.0
19294,1852.0
19295,2058.0
19296,2164.0
19297,1780.0
19298,2068.0
19299,1924.0
19300,2472.0
19301,2298.0
19302,1534.0
19303,1767.0
19304,1826.0
19305,1381.0
19306,2203.0
19307,2587.0
19308,2530.0
19309,2091.0
19310,1491.0
19311,1610.0
19312,3430.0
19313,3112.0
19314,1991.0
19315,1839.0
19316,2088.0
19317,2259.0
19318,2487.0
19319,2025.0
19320,2233.0
19321,2023.0
19322,1978.0
19323,1898.0
19324,1562.0
19325,2983.0
19326,611.0
19327,1231.0
19328,1587.0
19329,1971.0
19330,1756.0
19331,2579.0
19332,3000.0
19334,2288.0
19335,2175.0
19336,1837.0
19337,2063.0
19338,2184.0
19339,2198.0
19340,2235.0
19341,2313.0
19342,2242.0
19343,2111.0
19344,2108.0
19345,1213.0
19346,1934.0
19347,1523.0
19348,1407.0
19349,1127.0
19350,1864.0
19351,2601.0
19352,2255.0
19353,1897.0
19354,2723.0
19355,1415.0
19356,2046.0
19357,2398.0
19358,2233.0
19359,2256.0
19360,2540.0
19361,2223.0
19362,2146.0
19363,2121.0
19364,2058.0
19365,1254.0
19366,1035.0
19367,999.0
19368,1681.0
19369,2438.0
19370,2796.0
19371,1976.0
19372,2369.0
19373,2200.0
19374,1472.0
19376,2035.0
19377,2233.0
19378,2220.0
19379,2350.0
19380,2310.0
19381,1979.0
19382,2085.0
19383,639.0
19384,1727.0
19385,2152.0
19386,767.0
19387,1139.0
19388,1351.0
19389,1893.0
19390,2165.0
19391,3126.0
19392,2304.0
19393,2315.0
19394,2238.0
19395,1621.0
19396,1881.0
19397,2204.0
19398,2067.0
19399,2372.0
19400,2249.0
19401,2025.0
19402,2056.0
19403,892.0
19404,640.0
19405,659.0
19406,623.0
19407,689.0
19408,797.0
19409,2906.0
19410,557.0
19411,1075.0
19412,1146.0
19413,1658.0
19414,2936.0
19415,3275.0
19416,2967.0
19417,2743.0
19418,2464.0
19419,2005.0
19420,1955.0
19421,2276.0
19422,2328.0
19423,2473.0
19424,2274.0
19425,2123.0
19426,875.0
19427,1171.0
19428,940.0
19429,747.0
19430,679.0
19431,601.0
19432,662.0
19433,714.0
19434,673.0
19435,2843.0
19436,2039.0
19437,1078.0
19438,1227.0
19439,1371.0
19440,1942.0
19441,2667.0
19442,3125.0
19443,3238.0
19444,3284.0
19445,2555.0
19446,2447.0
19447,1862.0
19448,1644.0
19449,2161.0
19450,2219.0
19451,2199.0
19452,2192.0
19453,2313.0
19454,1362.0
19455,1217.0
19456,969.0
19457,1430.0
19458,1212.0
19459,1109.0
19460,704.0
19461,772.0
19462,648.0
19463,693.0
19464,707.0
19465,684.0
19466,757.0
19467,671.0
19468,1898.0
19469,1817.0
19470,1166.0
19471,1065.0
19472,1315.0
19473,1513.0
19474,2385.0
19475,2660.0
19476,3014.0
19477,3201.0
19478,3275.0
19479,2712.0
19480,3476.0
19481,2040.0
19482,1888.0
19483,2252.0
19484,2213.0
19485,2047.0
19486,2017.0
19487,1559.0
19488,1482.0
19489,1619.0
19490,1697.0
19491,1618.0
19492,1107.0
19493,979.0
19494,717.0
19495,654.0
19496,670.0
19497,663.0
19498,668.0
19499,725.0
19500,736.0
19501,757.0
19502,692.0
19503,368.0
19504,1898.0
19505,2348.0
19506,1844.0
19507,2019.0
19508,2532.0
19509,2896.0
19510,2858.0
19511,2958.0
19512,2997.0
19513,3322.0
19514,3593.0
19515,3852.0
19516,1974.0
19517,2227.0
19518,2211.0
19519,2108.0
19520,1316.0
19521,1337.0
19522,1265.0
19523,1484.0
19524,1278.0
19525,892.0
19526,832.0
19527,750.0
19528,720.0
19529,663.0
19530,624.0
19531,716.0
19532,833.0
19533,726.0
19534,821.0
19535,858.0
19536,650.0
19537,373.0
19538,1968.0
19539,1925.0
19540,2010.0
19541,2365.0
19542,2389.0
19543,2099.0
19544,1873.0
19545,2814.0
19546,2876.0
19547,2871.0
19548,2952.0
19549,3253.0
19550,3311.0
19551,4135.0
19552,4352.0
19553,2193.0
19554,1749.0
19555,2275.0
19556,2230.0
19557,2057.0
19558,1506.0
19559,1226.0
19560,905.0
19561,977.0
19562,890.0
19563,779.0
19564,844.0
19565,738.0
19566,864.0
19567,686.0
19568,629.0
19569,677.0
19570,715.0
19571,773.0
19572,846.0
19573,719.0
19574,546.0
19575,2704.0
19576,2136.0
19577,1302.0
19578,1163.0
19579,1915.0
19580,1692.0
19581,1538.0
19582,2932.0
19583,2992.0
19584,2960.0
19585,2578.0
19586,3145.0
19587,2944.0
19588,4578.0
19589,2416.0
19590,1455.0
19591,2349.0
19592,2046.0
19593,1319.0
19594,1013.0
19595,903.0
19596,947.0
19597,825.0
19598,880.0
19599,682.0
19600,761.0
19601,693.0
19602,623.0
19603,603.0
19604,577.0
19605,624.0
19606,788.0
19607,812.0
19608,606.0
19609,521.0
19610,1816.0
19611,2312.0
19612,1471.0
19613,1876.0
19614,2178.0
19615,2791.0
19616,2282.0
19617,1759.0
19618,2437.0
19619,2967.0
19620,2271.0
19621,1738.0
19622,1187.0
19623,2470.0
19624,1213.0
19625,920.0
19626,945.0
19627,923.0
19628,938.0
19629,719.0
19630,794.0
19631,652.0
19632,666.0
19633,594.0
19634,547.0
19635,570.0
19636,685.0
19637,729.0
19638,543.0
19639,594.0
19640,525.0
19641,2015.0
19642,1072.0
19643,1930.0
19645,2301.0
19646,1630.0
19647,2605.0
19648,2874.0
19649,1672.0
19650,1068.0
19651,952.0
19652,1007.0
19653,946.0
19654,798.0
19655,737.0
19656,773.0
19657,646.0
19658,728.0
19659,592.0
19660,537.0
19661,542.0
19662,637.0
19663,590.0
19664,545.0
19665,548.0
19666,446.0
19667,983.0
19668,1526.0
19669,2098.0
19670,1419.0
19671,2848.0
19672,3167.0
19673,2248.0
19674,1435.0
19675,2054.0
19676,1900.0
19677,2004.0
19678,1536.0
19679,970.0
19680,1047.0
19681,1008.0
19682,1090.0
19683,865.0
19684,827.0
19685,752.0
19686,792.0
19687,687.0
19688,688.0
19689,602.0
19690,609.0
19691,541.0
19692,469.0
19693,490.0
19694,494.0
19695,485.0
19696,531.0
19697,358.0
19698,2896.0
19699,2290.0
19700,2782.0
19701,1917.0
19702,2729.0
19703,3133.0
19704,3121.0
19705,2760.0
19706,2693.0
19707,3208.0
19708,1758.0
19709,2311.0
19710,2516.0
19711,3747.0
19712,2689.0
19713,2597.0
19714,2846.0
19715,3441.0
19716,2888.0
19717,1142.0
19718,964.0
19719,946.0
19720,863.0
19721,733.0
19722,630.0
19723,745.0
19724,654.0
19725,595.0
19726,528.0
19727,499.0
19728,460.0
19729,453.0
19730,450.0
19731,463.0
19732,470.0
19733,490.0
19734,524.0
19735,2397.0
19736,2682.0
19738,2666.0
19739,3165.0
19740,2615.0
19741,1902.0
19743,2857.0
19744,2382.0
19745,2233.0
19746,2364.0
19747,2804.0
19748,3663.0
19749,3666.0
19750,3350.0
19751,3095.0
19752,1617.0
19753,3526.0
19754,1069.0
19755,839.0
19756,959.0
19757,784.0
19758,625.0
19759,771.0
19760,643.0
19761,571.0
19762,525.0
19763,551.0
19764,451.0
19765,453.0
19766,417.0
19767,476.0
19768,422.0
19769,460.0
19770,516.0
19771,677.0
19772,794.0
19773,597.0
19774,2383.0
19775,1525.0
19776,2284.0
19777,2888.0
19778,2224.0
19779,2512.0
19780,2891.0
19781,2705.0
19782,2831.0
19783,2664.0
19784,540.0
19785,3615.0
19786,2668.0
19787,4138.0
19788,2808.0
19789,2876.0
19790,2394.0
19791,963.0
19792,913.0
19793,818.0
19794,780.0
19795,694.0
19796,674.0
19797,631.0
19798,583.0
19799,617.0
19800,543.0
19801,512.0
19802,449.0
19803,480.0
19804,444.0
19805,409.0
19806,430.0
19807,456.0
19808,496.0
19809,697.0
19810,802.0
19811,778.0
19812,1776.0
19813,2139.0
19814,2387.0
19815,2137.0
19816,2005.0
19817,2378.0
19818,2298.0
19819,2643.0
19820,2661.0
19821,2465.0
19822,1745.0
19823,1535.0
19824,1933.0
19825,2777.0
19826,1885.0
19827,1606.0
19828,2529.0
19829,673.0
19830,702.0
19831,683.0
19832,710.0
19833,653.0
19834,616.0
19835,647.0
19836,666.0
19837,517.0
19838,477.0
19839,443.0
19840,398.0
19841,403.0
19842,409.0
19843,405.0
19844,433.0
19845,413.0
19846,489.0
19847,597.0
19848,765.0
19849,836.0
19850,936.0
19851,1551.0
19852,2176.0
19853,2181.0
19854,1938.0
19855,2473.0
19856,2440.0
19857,1738.0
19858,2570.0
19859,3085.0
19860,2496.0
19861,2671.0
19862,2929.0
19863,1912.0
19864,3163.0
19865,2191.0
19866,645.0
19867,509.0
19868,556.0
19869,646.0
19870,581.0
19871,648.0
19872,564.0
19873,539.0
19874,478.0
19875,418.0
19876,419.0
19877,374.0
19878,415.0
19879,429.0
19880,389.0
19881,429.0
19882,524.0
19883,672.0
19884,952.0
19885,949.0
19886,1318.0
19887,1850.0
19888,2388.0
19889,2488.0
19890,2857.0
19891,2631.0
19892,2294.0
19893,2687.0
19894,3626.0
19895,2427.0
19896,2702.0
19897,2842.0
19898,439.0
19899,564.0
19900,470.0
19901,506.0
19902,580.0
19903,583.0
19904,544.0
19905,533.0
19906,570.0
19907,448.0
19908,413.0
19909,442.0
19910,396.0
19911,436.0
19912,380.0
19913,396.0
19914,470.0
19915,568.0
19916,949.0
19917,1123.0
19918,1083.0
19919,776.0
19920,1503.0
19921,1591.0
19922,2722.0
19923,2498.0
19924,2489.0
19925,2199.0
19926,3250.0
19927,3137.0
19928,2954.0
19929,2121.0
19930,2758.0
19931,2562.0
19932,582.0
19933,561.0
19934,448.0
19935,502.0
19936,656.0
19937,585.0
19938,552.0
19939,547.0
19940,521.0
19941,467.0
19942,425.0
19943,409.0
19944,432.0
19945,383.0
19946,397.0
19947,437.0
19948,530.0
19949,717.0
19950,947.0
19951,1308.0
19952,1160.0
19954,1880.0
19955,2035.0
19956,2468.0
19957,2580.0
19958,2032.0
19959,2646.0
19960,3191.0
19961,3170.0
19962,3410.0
19963,2820.0
19964,2798.0
19965,2621.0
19966,561.0
19967,491.0
19968,442.0
19969,522.0
19970,592.0
19971,556.0
19972,544.0
19973,537.0
19974,476.0
19975,448.0
19976,466.0
19977,408.0
19978,414.0
19979,417.0
19980,410.0
19981,493.0
19982,578.0
19983,748.0
19984,926.0
19985,1032.0
19986,1143.0
19988,1630.0
19989,1724.0
19990,2237.0
19991,2628.0
19992,3373.0
19993,2709.0
19994,3381.0
19995,966.0
19996,477.0
19997,419.0
19998,454.0
19999,518.0
20000,559.0
20001,562.0
20002,613.0
20003,567.0
20004,536.0
20005,458.0
20006,434.0
20007,422.0
20008,465.0
20009,424.0
20010,466.0
20011,529.0
20012,758.0
20013,848.0
20014,762.0
20015,1037.0
20016,1056.0
20017,1882.0
20018,1236.0
20019,2881.0
20020,2302.0
20021,347.0
20022,499.0
20023,427.0
20024,473.0
20025,573.0
20026,553.0
20027,571.0
20028,701.0
20029,626.0
20030,635.0
20031,482.0
20032,473.0
20033,499.0
20034,435.0
20035,434.0
20036,466.0
20037,578.0
20038,744.0
20039,784.0
20040,744.0
20041,957.0
20042,1640.0
20043,2308.0
20044,496.0
20045,479.0
20046,413.0
20047,535.0
20048,571.0
20049,612.0
20050,677.0
20051,656.0
20052,631.0
20053,535.0
20054,617.0
20055,479.0
20056,501.0
20057,483.0
20058,537.0
20059,518.0
20060,593.0
20061,710.0
20062,749.0
20063,855.0
20064,2437.0
20065,2205.0
20066,1915.0
20067,2225.0
20068,2340.0
20069,2316.0
20070,493.0
20071,444.0
20072,494.0
20073,549.0
20074,571.0
20075,638.0
20076,726.0
20077,646.0
20078,631.0
20079,553.0
20080,434.0
20081,426.0
20082,510.0
20083,510.0
20084,510.0
20085,520.0
20086,645.0
20087,680.0
20088,880.0
20089,975.0
20090,847.0
20091,2838.0
20092,2040.0
20093,2350.0
20094,2338.0
20095,522.0
20096,497.0
20097,471.0
20098,564.0
20099,526.0
20100,531.0
20101,680.0
20102,688.0
20103,576.0
20104,592.0
20105,611.0
20106,511.0
20107,442.0
20108,480.0
20109,502.0
20110,497.0
20111,551.0
20112,694.0
20113,759.0
20114,1020.0
20115,942.0
20116,812.0
20117,586.0
20118,3090.0
20119,3128.0
20120,1762.0
20121,506.0
20122,630.0
20123,499.0
20124,464.0
20125,470.0
20126,536.0
20127,540.0
20128,699.0
20129,619.0
20130,650.0
20131,784.0
20132,625.0
20133,542.0
20134,426.0
20135,511.0
20136,462.0
20137,478.0
20138,571.0
20139,705.0
20140,796.0
20141,974.0
20142,1020.0
20143,872.0
20144,768.0
20145,2990.0
20146,694.0
20147,587.0
20148,472.0
20149,470.0
20150,481.0
20151,601.0
20152,638.0
20153,656.0
20154,604.0
20155,846.0
20156,794.0
20157,646.0
20158,462.0
20159,443.0
20160,481.0
20161,443.0
20162,483.0
20163,608.0
20164,696.0
20165,803.0
20166,979.0
20167,1017.0
20168,878.0
20170,2214.0
20171,1558.0
20172,682.0
20173,690.0
20174,607.0
20175,442.0
20176,458.0
20177,457.0
20178,488.0
20179,573.0
20180,538.0
20181,580.0
20182,715.0
20183,797.0
20184,674.0
20185,633.0
20186,486.0
20187,432.0
20188,467.0
20189,463.0
20190,527.0
20191,618.0
20192,625.0
20193,867.0
20194,1138.0
20195,1098.0
20196,900.0
20197,935.0
20198,1939.0
20199,1966.0
20200,953.0
20201,874.0
20202,764.0
20203,709.0
20204,500.0
20205,452.0
20206,475.0
20207,570.0
20208,588.0
20209,513.0
20210,535.0
20211,538.0
20212,735.0
20213,688.0
20214,620.0
20215,562.0
20216,457.0
20217,491.0
20218,486.0
20219,499.0
20220,588.0
20221,585.0
20222,695.0
20223,948.0
20224,1246.0
20225,1233.0
20226,892.0
20227,2622.0
20228,1865.0
20229,2434.0
20230,969.0
20231,996.0
20232,739.0
20233,755.0
20234,568.0
20235,452.0
20236,495.0
20237,564.0
20238,580.0
20239,569.0
20240,567.0
20241,480.0
20242,570.0
20243,759.0
20244,569.0
20245,535.0
20246,492.0
20247,529.0
20248,492.0
20249,516.0
20250,513.0
20251,619.0
20252,683.0
20253,738.0
20254,955.0
20255,1029.0
20256,1038.0
20257,2831.0
20258,2655.0
20259,1865.0
20260,2786.0
20261,2822.0
20262,709.0
20263,585.0
20264,890.0
20265,710.0
20266,541.0
20267,450.0
20268,501.0
20269,490.0
20270,631.0
20271,555.0
20272,533.0
20273,455.0
20274,452.0
20275,606.0
20276,715.0
20277,510.0
20278,496.0
20279,511.0
20280,460.0
20281,479.0
20282,501.0
20283,574.0
20284,673.0
20285,800.0
20286,848.0
20287,906.0
20288,999.0
20289,751.0
20290,3054.0
20291,2431.0
20292,2767.0
20293,2985.0
20294,1214.0
20295,847.0
20296,724.0
20297,700.0
20298,745.0
20299,622.0
20300,474.0
20301,474.0
20302,550.0
20303,489.0
20304,550.0
20305,517.0
20306,413.0
20307,403.0
20308,452.0
20309,463.0
20310,522.0
20311,477.0
20312,482.0
20313,410.0
20314,459.0
20315,487.0
20316,587.0
20317,625.0
20318,847.0
20319,809.0
20320,970.0
20321,972.0
20322,960.0
20323,2663.0
20324,2674.0
20325,2418.0
20326,2983.0
20327,2332.0
20328,1083.0
20329,980.0
20330,893.0
20331,983.0
20332,691.0
20333,534.0
20334,567.0
20335,513.0
20336,419.0
20337,462.0
20338,464.0
20339,404.0
20340,409.0
20341,428.0
20342,466.0
20343,488.0
20344,456.0
20345,430.0
20346,464.0
20347,505.0
20348,553.0
20349,680.0
20350,854.0
20351,804.0
20352,873.0
20353,1121.0
20354,1058.0
20355,876.0
20356,2783.0
20357,3042.0
20358,2848.0
20359,777.0
20360,798.0
20361,982.0
20362,900.0
20363,900.0
20364,744.0
20365,789.0
20366,655.0
20367,563.0
20368,488.0
20369,476.0
20370,483.0
20371,448.0
20372,403.0
20373,404.0
20374,459.0
20375,435.0
20376,443.0
20377,473.0
20378,475.0
20379,483.0
20380,550.0
20381,693.0
20382,832.0
20383,745.0
20384,973.0
20385,943.0
20386,1064.0
20387,3483.0
20388,2939.0
20389,869.0
20390,843.0
20391,790.0
20392,651.0
20393,639.0
20394,639.0
20395,655.0
20396,595.0
20397,710.0
20398,711.0
20399,493.0
20400,473.0
20401,553.0
20402,534.0
20403,453.0
20404,485.0
20405,413.0
20406,480.0
20407,441.0
20408,419.0
20409,465.0
20410,490.0
20411,609.0
20412,732.0
20413,991.0
20414,943.0
20415,741.0
20416,3080.0
20417,3226.0
20418,2807.0
20419,1529.0
20420,903.0
20421,990.0
20422,768.0
20423,657.0
20424,649.0
20425,601.0
20426,476.0
20427,525.0
20428,467.0
20429,451.0
20430,473.0
20431,448.0
20432,537.0
20433,527.0
20434,429.0
20435,470.0
20436,496.0
20437,488.0
20438,496.0
20439,507.0
20440,565.0
20441,543.0
20442,597.0
20443,616.0
20444,748.0
20445,812.0
20446,1555.0
20447,3056.0
20448,3074.0
20449,2267.0
20450,648.0
20451,1057.0
20452,1046.0
20453,712.0
20454,651.0
20455,621.0
20456,548.0
20457,521.0
20458,534.0
20459,522.0
20460,459.0
20461,461.0
20462,481.0
20463,575.0
20464,524.0
20465,516.0
20466,495.0
20467,502.0
20468,487.0
20469,529.0
20470,622.0
20471,628.0
20472,629.0
20473,556.0
20474,646.0
20475,787.0
20476,973.0
20477,1605.0
20478,1458.0
20479,3370.0
20480,3247.0
20481,2320.0
20482,1673.0
20483,959.0
20484,1039.0
20485,1110.0
20486,823.0
20487,594.0
20488,618.0
20489,505.0
20490,546.0
20491,516.0
20492,518.0
20493,594.0
20494,506.0
20495,479.0
20496,581.0
20497,563.0
20498,533.0
20499,498.0
20500,502.0
20501,497.0
20502,522.0
20503,611.0
20504,658.0
20505,522.0
20506,511.0
20507,578.0
20508,535.0
20509,965.0
20510,1094.0
20511,1371.0
20512,1496.0
20513,2500.0
20514,2618.0
20515,3280.0
20516,2425.0
20517,1378.0
20518,856.0
20519,1151.0
20520,1037.0
20521,964.0
20522,791.0
20523,646.0
20524,585.0
20525,521.0
20526,538.0
20527,587.0
20528,552.0
20529,563.0
20530,589.0
20531,580.0
20532,602.0
20533,553.0
20534,546.0
20535,523.0
20536,500.0
20537,505.0
20538,552.0
20539,558.0
20540,463.0
20541,492.0
20542,544.0
20543,684.0
20544,790.0
20545,1118.0
20546,1400.0
20547,1667.0
20548,1609.0
20549,3172.0
20550,3269.0
20551,2676.0
20552,1913.0
20553,818.0
20554,992.0
20555,1075.0
20556,1100.0
20557,892.0
20558,1070.0
20559,849.0
20560,637.0
20561,584.0
20562,472.0
20563,502.0
20564,557.0
20565,592.0
20566,507.0
20567,514.0
20568,578.0
20569,582.0
20570,564.0
20571,587.0
20572,538.0
20573,512.0
20574,515.0
20575,545.0
20576,539.0
20577,429.0
20578,491.0
20579,566.0
20580,528.0
20581,689.0
20582,817.0
20583,908.0
20584,862.0
20585,700.0
20586,954.0
20587,1335.0
20588,1481.0
20589,1724.0
20590,3101.0
20591,3371.0
20592,2300.0
20593,2118.0
20594,904.0
20595,926.0
20596,992.0
20597,1338.0
20598,914.0
20599,1319.0
20600,1441.0
20601,1103.0
20602,749.0
20603,579.0
20604,491.0
20605,543.0
20606,528.0
20607,600.0
20608,578.0
20609,505.0
20610,587.0
20611,607.0
20612,584.0
20613,598.0
20614,611.0
20615,574.0
20616,536.0
20617,587.0
20618,523.0
20619,498.0
20620,520.0
20621,678.0
20622,731.0
20623,684.0
20624,664.0
20625,789.0
20626,934.0
20627,1073.0
20628,1126.0
20629,1020.0
20630,843.0
20631,1002.0
20632,1217.0
20633,1445.0
20634,1491.0
20635,2886.0
20636,3295.0
20637,2952.0
20638,2606.0
20639,1126.0
20640,1092.0
20641,1496.0
20642,1274.0
20643,1610.0
20644,1453.0
20645,1154.0
20646,748.0
20647,783.0
20648,750.0
20649,729.0
20650,640.0
20651,660.0
20652,584.0
20653,593.0
20654,613.0
20655,567.0
20656,555.0
20657,633.0
20658,684.0
20659,569.0
20660,562.0
20661,526.0
20662,531.0
20663,595.0
20664,861.0
20665,980.0
20666,847.0
20667,786.0
20668,787.0
20669,856.0
20670,1087.0
20671,1185.0
20672,1190.0
20673,1113.0
20674,1162.0
20675,963.0
20676,1079.0
20677,1280.0
20678,1554.0
20679,1525.0
20680,2831.0
20681,3017.0
20682,2894.0
20683,2577.0
20684,2433.0
20685,786.0
20686,947.0
20687,1292.0
20688,1201.0
20689,1098.0
20690,1179.0
20691,1546.0
20692,1115.0
20693,829.0
20694,767.0
20695,712.0
20696,759.0
20697,653.0
20698,696.0
20699,603.0
20700,593.0
20701,644.0
20702,565.0
20703,648.0
20704,672.0
20705,584.0
20706,525.0
20707,578.0
20708,606.0
20709,633.0
20710,915.0
20711,969.0
20712,1021.0
20713,1058.0
20714,1011.0
20715,1086.0
20716,1041.0
20717,1371.0
20718,1335.0
20719,1350.0
20720,1188.0
20721,1287.0
20722,1319.0
20723,1647.0
20724,2197.0
20725,3015.0
20726,3100.0
20727,3126.0
20728,2924.0
20729,2319.0
20731,1231.0
20732,1472.0
20733,1189.0
20734,1330.0
20735,1156.0
20736,888.0
20737,885.0
20738,730.0
20739,682.0
20740,692.0
20741,645.0
20742,624.0
20743,582.0
20744,627.0
20745,682.0
20746,641.0
20747,669.0
20748,695.0
20749,703.0
20750,660.0
20751,670.0
20752,902.0
20753,1057.0
20754,1094.0
20755,1227.0
20756,1297.0
20757,1391.0
20758,1257.0
20759,1177.0
20760,1063.0
20761,1287.0
20762,1487.0
20763,2109.0
20764,3004.0
20765,2831.0
20766,3154.0
20767,2214.0
20768,2709.0
20769,1902.0
20770,1346.0
20771,1127.0
20772,1240.0
20773,855.0
20774,1181.0
20775,931.0
20776,818.0
20777,682.0
20778,684.0
20779,669.0
20780,652.0
20781,609.0
20782,655.0
20783,769.0
20784,824.0
20785,851.0
20786,782.0
20787,684.0
20788,737.0
20789,767.0
20790,1039.0
20791,1316.0
20792,1829.0
20793,2156.0
20794,1815.0
20795,2074.0
20796,1284.0
20797,1332.0
20798,1640.0
20799,2908.0
20800,2898.0
20801,2911.0
20802,2344.0
20803,2367.0
20804,1656.0
20805,1875.0
20806,1648.0
20807,1218.0
20808,1319.0
20809,1120.0
20810,927.0
20811,1115.0
20812,1052.0
20813,733.0
20814,704.0
20815,621.0
20816,714.0
20817,762.0
20818,941.0
20819,1161.0
20820,974.0
20821,981.0
20822,779.0
20823,776.0
20824,994.0
20825,1335.0
20826,1885.0
20827,1989.0
20828,2740.0
20829,1920.0
20830,3052.0
20831,3105.0
20832,2977.0
20833,1801.0
20834,1383.0
20835,1321.0
20836,1500.0
20837,1286.0
20838,1199.0
20839,1053.0
20840,1258.0
20841,803.0
20842,743.0
20843,747.0
20844,745.0
20845,945.0
20846,1168.0
20847,1173.0
20848,844.0
20849,1020.0
20850,840.0
20851,1047.0
20852,1493.0
20853,1494.0
20854,2213.0
20855,3030.0
20856,3012.0
20857,3059.0
20858,2640.0
20859,1116.0
20860,1017.0
20861,1431.0
20862,1471.0
20863,1426.0
20864,1196.0
20865,1192.0
20866,1002.0
20867,812.0
20868,832.0
20869,856.0
20870,1062.0
20871,1111.0
20872,1149.0
20873,981.0
20874,966.0
20875,1540.0
20876,1896.0
20877,1395.0
20878,1812.0
20879,3479.0
20880,3060.0
20881,3192.0
20882,2508.0
20883,1571.0
20884,1693.0
20885,1699.0
20886,1424.0
20887,1240.0
20888,1383.0
20889,1158.0
20890,980.0
20891,859.0
20892,979.0
20893,1021.0
20894,1031.0
20895,1072.0
20896,1388.0
20897,1650.0
20898,1684.0
20899,1856.0
20900,1556.0
20901,2715.0
20902,3266.0
20903,3106.0
20904,3297.0
20905,3042.0
20906,1371.0
20907,1620.0
20908,1820.0
20909,1755.0
20910,1271.0
20911,1242.0
20912,1063.0
20913,1223.0
20914,1112.0
20915,1143.0
20916,1365.0
20917,1470.0
20918,1503.0
20919,1989.0
20920,3154.0
20921,3253.0
20922,2856.0
20923,3084.0
20924,3111.0
20925,1223.0
20926,1406.0
20927,1606.0
20928,1653.0
20929,1496.0
20930,1440.0
20931,1243.0
20932,1283.0
20933,1571.0
20934,1250.0
20935,1577.0
20936,862.0
20937,3208.0
20938,3028.0
20939,1799.0
20940,2919.0
20941,1667.0
20942,1291.0
20943,1254.0
20944,1340.0
20945,1191.0
20946,1082.0
20947,840.0
20948,2889.0
20949,3269.0
20950,2715.0
20951,2546.0
20952,2815.0
20953,2155.0
20954,2435.0
20955,2219.0
20956,1390.0
20957,2832.0
20958,2048.0
20959,2811.0
20960,2761.0
20961,3064.0
20962,2693.0
20963,1828.0
20964,2835.0
20965,2780.0
20966,1688.0
20968,523.0
20969,740.0
20970,679.0
20971,713.0
20972,849.0
20973,802.0
20974,769.0
20975,687.0
20976,808.0
20977,925.0
20978,722.0
20979,811.0
20980,755.0
20981,877.0
20982,774.0
20983,795.0
20984,422.0
20985,797.0
20986,869.0
20987,806.0
20988,520.0
20989,858.0
20990,1015.0
20991,698.0
20992,802.0
20993,880.0
20994,1072.0
20995,995.0
20996,825.0
20997,827.0
20998,1078.0
20999,1082.0
21000,880.0
21001,828.0
21002,841.0
21003,1148.0
21004,967.0
21005,1495.0
21006,1681.0
21007,1540.0
21008,1057.0
21009,1022.0
21010,860.0
21011,1175.0
21012,1416.0
21013,1612.0
21014,1772.0
21015,1345.0
21016,971.0
21017,696.0
21018,1066.0
21019,1208.0
21020,806.0
21021,1263.0
21022,645.0
21023,1119.0
21025,1184.0
21026,1222.0
21027,1070.0
21028,1038.0
21029,1201.0
21030,1096.0
21031,1141.0
21032,1144.0
21033,1076.0
21034,1101.0
21035,1093.0
21036,1169.0
21037,1045.0
21038,1188.0
21039,1275.0
21040,1285.0
21041,1117.0
21042,1164.0
21043,903.0
21044,898.0
21045,853.0
21046,810.0
21136,302.0
21137,337.0
21138,320.0
21139,290.0
21140,389.0
21141,320.0
21142,358.0
21143,357.0
21144,360.0
21145,322.0
21146,352.0
21147,339.0
21148,273.0
21149,381.0
21150,325.0
21151,335.0
21152,162.0
21153,372.0
21154,367.0
21155,336.0
21156,363.0
21157,304.0
21158,339.0
21159,377.0
21161,379.0
21162,464.0
21163,354.0
21164,349.0
21165,381.0
21166,350.0
21167,382.0
21168,322.0
21169,315.0
21170,330.0
21171,381.0
21172,386.0
21173,365.0
21174,395.0
21175,358.0
21176,373.0
21177,333.0
21178,379.0
21179,278.0
21180,362.0
21181,364.0
21182,354.0
21183,364.0
21184,380.0
21185,334.0
21186,410.0
21187,372.0
21188,378.0
21189,381.0
21190,373.0
21191,389.0
21192,421.0
21193,469.0
21194,369.0
21195,410.0
21196,429.0
21198,439.0
21199,426.0
21200,499.0
21201,423.0
21202,444.0
21204,571.0
21205,392.0
21206,347.0
21207,406.0
21208,453.0
21209,409.0
21210,475.0
21211,430.0
21212,527.0
21213,432.0
21214,535.0
21215,525.0
21216,456.0
21217,485.0
21218,523.0
21219,579.0
21220,550.0
21221,564.0
21222,613.0
21223,589.0
21224,578.0
21225,568.0
21226,626.0
21227,582.0
21228,616.0
21229,541.0
21230,643.0
21231,660.0
21232,588.0
21233,622.0
21235,593.0
21236,585.0
21237,612.0
21238,617.0
21239,639.0
21240,573.0
21241,594.0
21242,592.0
21243,594.0
21244,588.0
21245,591.0
21246,638.0
21247,575.0
21248,487.0
21249,620.0
21250,722.0
21251,309.0
21252,331.0
21253,1961.0
21254,2033.0
21255,1922.0
21256,1538.0
21257,2347.0
21258,2256.0
21259,1838.0
21260,446.0
21262,620.0
21276,2003.0
21277,562.0
21278,942.0
21279,1723.0
21280,1144.0
21281,1267.0
21282,666.0
21283,1678.0
21284,630.0
21285,855.0
21286,1039.0
21287,1277.0
21288,817.0
21289,1050.0
21290,1391.0
21292,991.0
21293,1015.0
21294,1568.0
21295,1770.0
21296,2476.0
21297,614.0
21298,869.0
21299,2253.0
21300,2193.0
21301,642.0
21302,760.0
21304,1350.0
21305,2175.0
21306,2351.0
21307,2446.0
21308,2534.0
21309,1910.0
21310,1519.0
21311,2821.0
21312,1571.0
21313,1485.0
21314,2102.0
21315,1172.0
21316,1442.0
21317,1677.0
21318,1482.0
21319,2919.0
21320,3102.0
21321,793.0
21322,1311.0
21323,1463.0
21324,1243.0
21325,1380.0
21326,1360.0
21327,762.0
21329,1464.0
21330,622.0
21331,806.0
21332,798.0
21333,1020.0
21334,1713.0
21335,840.0
21336,1262.0
21337,1202.0
21338,747.0
21339,966.0
21340,1116.0
21341,1059.0
21342,1041.0
21343,717.0
21344,999.0
21345,1018.0
21346,952.0
21347,428.0
21348,419.0
21349,1470.0
21350,568.0
21351,1234.0
21352,1190.0
21354,852.0
21355,1480.0
21356,359.0
21357,1018.0
21358,1227.0
21359,1376.0
21360,563.0
21361,621.0
21362,390.0
21363,740.0
21364,551.0
21365,1120.0
21366,446.0
21367,1186.0
21368,765.0
21369,714.0
21370,785.0
21371,761.0
21372,880.0
21373,770.0
21374,752.0
21375,813.0
21376,948.0
21377,923.0
21378,1071.0
21379,775.0
21380,727.0
21381,683.0
21382,741.0
21383,626.0
21384,638.0
21385,1601.0
21386,534.0
21387,1132.0
21388,416.0
21389,635.0
21390,353.0
21391,410.0
21392,952.0
21393,257.0
21394,1019.0
21395,1335.0
21396,1354.0
21397,2040.0
21398,581.0
21399,1930.0
21400,618.0
21401,2376.0
21402,2119.0
21403,2308.0
21404,1919.0
21405,1926.0
21406,2059.0
21407,1792.0
21408,1162.0
21409,308.0
21410,1172.0
21411,1151.0
21412,1171.0
21413,1221.0
21414,1170.0
21415,1247.0
21416,1225.0
21417,558.0
21418,583.0
21419,582.0
21420,620.0
21421,812.0
21422,1374.0
21423,863.0
21424,902.0
21425,1022.0
21426,1004.0
21427,825.0
21428,827.0
21429,935.0
21430,854.0
21431,852.0
21432,859.0
21433,842.0
21434,792.0
21435,833.0
21436,856.0
21437,895.0
21438,849.0
21439,836.0
21440,793.0
21441,900.0
21442,783.0
21443,801.0
21444,299.0
21445,344.0
21446,341.0
21447,335.0
21448,852.0
21449,310.0
21450,648.0
21451,308.0
21452,778.0
21453,746.0
21454,728.0
21455,817.0
21456,270.0
21457,346.0
21458,782.0
21459,804.0
21460,279.0
21461,661.0
21462,760.0
21463,788.0
21464,314.0
21465,764.0
21466,728.0
21467,810.0
21468,801.0
21469,724.0
21470,342.0
21471,777.0
21472,696.0
21473,732.0
21474,272.0
21475,757.0
21476,325.0
21477,750.0
21478,773.0
21479,268.0
21480,332.0
21481,362.0
21482,631.0
21483,644.0
21484,377.0
21485,685.0
21486,627.0
21487,404.0
21488,367.0
21489,665.0
21490,644.0
21491,696.0
21492,391.0
21493,628.0
21494,480.0
21495,677.0
21496,587.0
21497,577.0
21498,657.0
21499,366.0
21500,679.0
21501,645.0
21502,671.0
21503,625.0
21504,635.0
21505,393.0
21506,423.0
21507,644.0
21508,693.0
21509,668.0
21510,471.0
21511,257.0
21512,598.0
21513,582.0
21514,441.0
21515,480.0
21516,611.0
21517,459.0
21518,609.0
21519,624.0
21520,612.0
21521,472.0
21522,366.0
21523,482.0
21524,424.0
21525,420.0
21526,432.0
21527,488.0
21528,422.0
21529,320.0
21530,517.0
21531,512.0
21532,451.0
21533,364.0
21534,389.0
21535,238.0
21536,189.0
21537,192.0
21538,146.0
21539,153.0
21540,154.0
21541,119.0
21542,145.0
21543,269.0
21544,128.0
21545,140.0
21546,231.0
21547,139.0
21548,139.0
21549,141.0
21550,134.0
21551,149.0
21552,127.0
21553,122.0
21554,152.0
21555,156.0
21556,150.0
21557,144.0
21558,121.0
21559,124.0
21560,113.0
21561,151.0
21562,119.0
21563,130.0
21564,113.0
21565,136.0
21566,123.0
21567,118.0
21568,120.0
21569,132.0
21570,130.0
21571,143.0
21572,129.0
21573,148.0
21574,134.0
21575,118.0
21576,127.0
21577,824.0
21578,664.0
21579,697.0
21580,661.0
21581,795.0
21582,730.0
21583,809.0
21585,541.0
21586,677.0
21587,600.0
21588,665.0
21589,703.0
21590,578.0
21591,541.0
21592,622.0
21593,606.0
21594,506.0
21595,472.0
21597,356.0
21598,405.0
21599,389.0
21600,334.0
21601,356.0
21602,408.0
21603,391.0
21604,353.0
21605,382.0
21606,242.0
21607,270.0
21608,384.0
21609,233.0
21610,280.0
21611,229.0
21613,248.0
21614,217.0
21615,219.0
21616,317.0
21617,221.0
21618,326.0
21619,254.0
21620,321.0
21621,242.0
21622,200.0
21623,170.0
21624,210.0
21625,189.0
21626,263.0
21627,183.0
21628,186.0
21629,197.0
21630,177.0
21631,137.0
21632,175.0
21633,182.0
21634,225.0
21635,277.0
21636,168.0
21637,175.0
21638,163.0
21639,255.0
21640,307.0
21641,252.0
21642,164.0
21643,150.0
21644,268.0
21645,208.0
21646,212.0
21647,233.0
21648,226.0
21649,240.0
21650,225.0
21651,247.0
21652,254.0
21653,189.0
21654,140.0
21655,132.0
21656,249.0
21657,142.0
21658,127.0
21659,254.0
21660,167.0
21661,247.0
21662,201.0
21663,166.0
21664,123.0
21665,177.0
21666,167.0
21667,143.0
21668,144.0
21669,173.0
21670,163.0
21671,144.0
21672,164.0
21673,141.0
21674,153.0
21675,155.0
21676,169.0
21677,147.0
21678,162.0
21679,226.0
21680,150.0
21681,139.0
21682,110.0
21683,102.0
21684,149.0
21685,98.0
21686,105.0
21687,111.0
21688,135.0
21689,133.0
21690,81.0
21691,74.0
21692,425.0
21693,371.0
21695,1499.0
21696,1352.0
21697,2243.0
21698,797.0
21699,1336.0
21700,1414.0
21701,689.0
21702,1247.0
21703,1295.0
21704,886.0
21705,1240.0
21706,1417.0
21707,1400.0
21708,879.0
21709,763.0
21710,1065.0
21711,697.0
21712,585.0
21713,490.0
21715,524.0
21716,992.0
21717,553.0
21718,532.0
21719,545.0
21720,435.0
21721,447.0
21722,452.0
21723,458.0
21724,470.0
21725,887.0
21726,794.0
21727,979.0
21728,813.0
21729,1010.0
21730,1128.0
21731,441.0
21732,1158.0
21733,1029.0
21734,1022.0
21735,994.0
21736,613.0
21737,1054.0
21738,662.0
21739,1003.0
21740,512.0
21741,1139.0
21742,804.0
21743,708.0
21744,760.0
21745,985.0
21746,1106.0
21747,757.0
21748,814.0
21749,905.0
21751,831.0
21752,1062.0
21753,725.0
21754,653.0
21755,822.0
21756,1118.0
21757,1058.0
21758,727.0
21759,739.0
21760,831.0
21761,867.0
21762,646.0
21763,771.0
21765,641.0
21766,553.0
21767,710.0
21768,716.0
21769,220.0
21770,705.0
21771,219.0
21772,180.0
21773,717.0
21774,230.0
21775,186.0
21776,669.0
21777,220.0
21778,742.0
21779,703.0
21780,680.0
21781,596.0
21782,572.0
21783,709.0
21784,517.0
21785,670.0
21786,525.0
21787,258.0
21788,686.0
21789,514.0
21790,636.0
21791,445.0
21792,472.0
21793,632.0
21794,474.0
21795,505.0
21796,641.0
21797,636.0
21798,164.0
21799,670.0
21800,657.0
21801,587.0
21802,697.0
21803,148.0
21804,706.0
21805,755.0
21806,160.0
21807,128.0
21808,591.0
21809,590.0
21810,595.0
21811,578.0
21812,140.0
21813,151.0
21814,151.0
21815,560.0
21816,577.0
21817,375.0
21818,357.0
21819,388.0
21820,392.0
21821,366.0
21822,610.0
21823,463.0
21824,468.0
21825,551.0
21826,495.0
21828,468.0
21829,519.0
21830,496.0
21831,492.0
21832,503.0
21833,427.0
21834,512.0
21835,506.0
21836,254.0
21837,316.0
21838,279.0
21840,498.0
21841,116.0
21843,439.0
21844,456.0
21845,431.0
21846,272.0
21847,284.0
21848,445.0
21849,429.0
21850,410.0
21851,399.0
21852,238.0
21853,272.0
21854,399.0
21855,398.0
21856,263.0
21857,384.0
21858,143.0
21859,257.0
21860,124.0
21861,179.0
21862,247.0
21863,292.0
21864,182.0
21865,110.0
21866,135.0
21867,125.0
21868,187.0
21869,194.0
21871,131.0
21872,217.0
21873,182.0
21874,235.0
21875,148.0
21876,224.0
21877,225.0
21878,151.0
21879,208.0
21880,136.0
21881,150.0
21882,105.0
21883,157.0
21884,122.0
21885,117.0
21886,145.0
21887,201.0
21888,186.0
21889,157.0
21890,131.0
21891,191.0
21892,87.0
21894,156.0
21895,160.0
21896,98.0
21897,87.0
21898,178.0
21899,83.0
21900,175.0
21901,89.0
21902,72.0
21903,95.0
21904,96.0
21905,74.0
21906,83.0
21907,84.0
21908,123.0
21910,142.0
21911,92.0
21912,84.0
21913,88.0
21914,70.0
21915,74.0
21916,76.0
21917,76.0
21918,75.0
21919,77.0
21920,76.0
21921,83.0
21922,77.0
21923,77.0
21924,83.0
21925,78.0
21926,79.0
21927,82.0
21928,99.0
21929,78.0
21930,77.0
21931,79.0
21932,86.0
21933,78.0
21934,91.0
21935,108.0
21936,84.0
21937,127.0
21938,81.0
21939,72.0
21940,82.0
21941,80.0
21942,96.0
21943,81.0
21944,90.0
21945,77.0
21946,78.0
21947,69.0
21948,72.0
21949,72.0
21950,676.0
21951,718.0
21952,2197.0
21953,1904.0
21954,1472.0
21955,1231.0
21956,1162.0
21957,1713.0
21959,1317.0
21961,1375.0
21963,1231.0
21964,1200.0
21965,1135.0
21966,922.0
21967,1090.0
21969,1302.0
21970,1563.0
21971,1651.0
21972,1020.0
21973,1956.0
21974,1431.0
21975,1203.0
21976,1976.0
21977,1089.0
21978,1050.0
21979,1425.0
21980,1679.0
21981,1965.0
21982,1050.0
21983,1185.0
21984,1274.0
21985,1459.0
21986,1240.0
21987,1365.0
21991,2784.0
21992,1900.0
21993,1358.0
21994,1805.0
21995,631.0
21996,1716.0
21997,1628.0
21998,1682.0
21999,1895.0
22000,2276.0
22002,866.0
22003,1073.0
22004,1121.0
22005,1788.0
22006,576.0
22007,1029.0
22008,961.0
22009,1902.0
22010,1480.0
22011,2434.0
22012,1140.0
22013,889.0
22014,940.0
22015,958.0
22016,817.0
22017,654.0
22018,934.0
22019,933.0
22020,848.0
22021,913.0
22022,735.0
22023,857.0
22024,885.0
22025,239.0
22027,280.0
22028,247.0
22029,241.0
22030,231.0
22031,1096.0
22032,1682.0
22033,1426.0
22034,225.0
22035,838.0
22036,1031.0
22037,1083.0
22038,1094.0
22039,1277.0
22040,1153.0
22041,1394.0
22042,1071.0
22043,1025.0
22044,1351.0
22045,1026.0
22046,1050.0
22047,1290.0
22048,1087.0
22049,1169.0
22050,1106.0
22051,1128.0
22052,1343.0
22053,1030.0
22054,965.0
22055,1010.0
22056,1013.0
22058,964.0
22059,1154.0
22060,1301.0
22061,1028.0
22062,1285.0
22063,1057.0
22064,1181.0
22065,950.0
22066,1168.0
22067,1244.0
22068,1104.0
22069,1191.0
22070,1171.0
22071,1236.0
22072,1005.0
22073,1275.0
22074,1201.0
22075,1146.0
22076,226.0
22078,241.0
22079,250.0
22080,241.0
22081,230.0
22082,361.0
22083,317.0
22084,345.0
22085,1641.0
22086,1478.0
22087,1262.0
22088,1140.0
22090,602.0
22091,1577.0
22093,1945.0
22095,1638.0
22096,872.0
22097,1936.0
22098,1304.0
22099,2204.0
22100,1471.0
22101,1217.0
22102,1566.0
22103,1369.0
22104,1417.0
22105,1547.0
22106,1558.0
22107,1525.0
22108,1632.0
22109,1670.0
22110,1613.0
22111,1487.0
22112,1651.0
22113,1373.0
22115,1740.0
22116,1410.0
22117,1517.0
22118,1542.0
22119,1829.0
22120,1387.0
22121,1235.0
22122,2536.0
22123,1465.0
22125,1247.0
22126,1553.0
22127,1338.0
22128,1327.0
22129,1389.0
22130,1602.0
22131,1136.0
22132,1422.0
22133,1466.0
22134,1226.0
22135,1389.0
22136,1455.0
22137,1290.0
22138,1303.0
22139,1157.0
22140,1093.0
22141,1122.0
22142,1249.0
22143,959.0
22144,855.0
22145,2652.0
22146,2188.0
22147,2622.0
22148,1628.0
22149,2023.0
22150,1422.0
22151,1259.0
22152,1617.0
22153,2246.0
22154,1498.0
22155,1629.0
22156,2156.0
22157,1749.0
22158,1570.0
22159,2114.0
22160,2041.0
22161,1836.0
22162,1452.0
22163,1304.0
22164,2215.0
22166,1795.0
22167,1262.0
22168,1862.0
22169,2451.0
22170,2228.0
22171,2044.0
22172,1575.0
22173,1830.0
22174,1597.0
22175,2434.0
22176,1461.0
22177,1691.0
22178,2194.0
22179,1341.0
22180,1665.0
22181,1534.0
22182,2045.0
22183,2108.0
22184,2275.0
22185,814.0
22186,1649.0
22187,1894.0
22188,802.0
22189,1639.0
22190,886.0
22191,1720.0
22192,838.0
22193,1916.0
22194,2028.0
22195,1735.0
22196,2518.0
22197,2074.0
22198,1960.0
22199,2228.0
22200,1816.0
22201,2089.0
22202,1369.0
22203,1788.0
22204,1634.0
22205,1363.0
22206,2485.0
22207,2225.0
22208,1325.0
22209,1323.0
22210,1442.0
22211,1254.0
22212,1430.0
22213,1105.0
22214,1360.0
22215,995.0
22216,1164.0
22217,1451.0
22218,886.0
22219,2159.0
22220,1274.0
22221,1494.0
22222,1136.0
22223,1349.0
22224,1491.0
22225,1310.0
22226,1230.0
22227,2265.0
22228,1302.0
22229,2154.0
22231,1586.0
22232,1231.0
22233,1036.0
22234,1433.0
22235,1845.0
22236,1659.0
22237,1248.0
22238,1720.0
22240,1805.0
22241,1604.0
22242,2219.0
22243,2110.0
22244,2351.0
22245,1680.0
22246,2515.0
22247,1516.0
22248,1978.0
22250,1465.0
22252,2146.0
22253,1955.0
22254,1924.0
22255,2359.0
22256,1627.0
22257,1584.0
22258,1813.0
22259,1410.0
22260,2479.0
22261,1640.0
22262,1462.0
22263,1513.0
22264,2302.0
22265,1640.0
22266,1737.0
22267,878.0
22268,2883.0
22269,2013.0
22271,1511.0
22272,1950.0
22273,1604.0
22274,2206.0
22275,2192.0
22276,1643.0
22277,2268.0
22278,915.0
22279,1370.0
22280,1848.0
22281,1438.0
22282,2075.0
22284,2090.0
22285,1135.0
22286,1671.0
22287,3094.0
22288,1416.0
22289,3132.0
22290,3063.0
22292,1768.0
22293,1475.0
22294,1307.0
22295,3235.0
22296,1320.0
22297,1501.0
22298,1420.0
22299,1972.0
22300,1394.0
22301,1344.0
22302,1731.0
22303,1584.0
22304,2753.0
22305,1831.0
22306,2075.0
22307,2022.0
22308,2041.0
22309,2038.0
22310,3419.0
22311,3099.0
22312,1709.0
22313,1691.0
22314,3224.0
22315,1604.0
22316,1911.0
22318,1826.0
22319,1000.0
22320,908.0
22321,922.0
22322,968.0
22323,2030.0
22325,619.0
22326,656.0
22327,742.0
22328,729.0
22329,665.0
22330,736.0
22331,798.0
22332,1173.0
22333,801.0
22334,769.0
22335,748.0
22336,979.0
22337,958.0
22338,1163.0
22339,1146.0
22340,748.0
22341,1277.0
22342,674.0
22343,1251.0
22344,1416.0
22345,1046.0
22346,459.0
22348,1565.0
22350,2115.0
22351,1842.0
22352,2097.0
22353,1953.0
22356,1884.0
22357,2449.0
22361,1955.0
22362,927.0
22363,2016.0
22364,2039.0
22365,2065.0
22366,1801.0
22367,837.0
22368,764.0
22369,1904.0
22370,2050.0
22371,808.0
22372,1704.0
22373,2274.0
22374,839.0
22375,1662.0
22376,1727.0
22377,921.0
22378,1029.0
22379,929.0
22380,1041.0
22381,702.0
22382,1627.0
22383,1108.0
22384,2273.0
22385,1018.0
22386,1983.0
22387,905.0
22388,811.0
22389,874.0
22390,1417.0
22391,2107.0
22392,1077.0
22393,1653.0
22394,986.0
22395,818.0
22397,1857.0
22398,1083.0
22399,881.0
22400,926.0
22401,2365.0
22403,2625.0
22404,1521.0
22405,1622.0
22406,2595.0
22407,2736.0
22408,1527.0
22409,1489.0
22410,1505.0
22411,1313.0
22412,1394.0
22413,1235.0
22414,1341.0
22415,1805.0
22416,1214.0
22417,1137.0
22418,1370.0
22419,1150.0
22420,1805.0
22421,1460.0
22422,1395.0
22423,2052.0
22424,1501.0
22425,2808.0
22426,685.0
22427,1667.0
22428,1323.0
22429,1385.0
22430,1283.0
22431,1965.0
22432,958.0
22433,1105.0
22434,1865.0
22435,1722.0
22436,859.0
22437,1069.0
22438,2933.0
22439,1757.0
22440,1881.0
22441,1424.0
22442,2297.0
22443,2213.0
22444,1767.0
22445,1925.0
22446,1837.0
22447,1978.0
22448,1834.0
22449,1770.0
22450,933.0
22451,1667.0
22452,1833.0
22453,1226.0
22455,1897.0
22456,807.0
22457,1696.0
22458,1460.0
22459,881.0
22460,1314.0
22461,924.0
22462,1314.0
22463,1340.0
22464,1868.0
22465,1555.0
22466,1665.0
22467,1507.0
22468,1395.0
22469,1572.0
22470,1535.0
22471,1732.0
22472,1722.0
22473,1969.0
22474,1668.0
22475,1663.0
22476,1611.0
22477,1807.0
22478,2299.0
22479,1490.0
22480,1655.0
22481,2677.0
22482,2071.0
22483,2029.0
22484,1433.0
22485,2055.0
22486,2623.0
22487,1512.0
22488,1722.0
22489,1248.0
22490,1658.0
22491,2264.0
22492,2304.0
22493,2034.0
22494,2077.0
22495,2185.0
22496,2110.0
22497,1822.0
22498,1466.0
22499,2232.0
22500,1710.0
22501,393.0
